<?xml version="1.0" encoding="UTF-8"?>
<metadata xml:lang="en"><Esri><CreaDate>20150410</CreaDate><CreaTime>12242200</CreaTime><SyncOnce>FALSE</SyncOnce><SyncDate>20130225</SyncDate><SyncTime>14285000</SyncTime><ModDate>20130225</ModDate><ModTime>14285000</ModTime><DataProperties><lineage><Process ToolSource="C:\Program Files\ArcGIS\ArcToolbox\Toolboxes\Data Management Tools.tbx\CopyFeatures" Date="20080717" Time="110555">CopyFeatures C:\Data\Cook\NewRegionMaps\NewRegionMXDS\FPDCCRegionMaps.mdb\FPDCCMapData\RegionTrails "Database Connections\CookGIS.sde\cookgis.GIS.FPDCCData\cookgis.GIS.RegionTrails" # 0 0 0</Process><Process ToolSource="C:\Program Files\ArcGIS\ArcToolbox\Toolboxes\Conversion Tools.tbx\FeatureClassToFeatureClass" Date="20090722" Time="145801">FeatureClassToFeatureClass Z:\PROJECTS\2008\08-54_FPDCC_Map_Updates\FPDCCRegionMap_OriginalData\FPDCCRegionMapGDB\FPDCCRegionMapData.mdb\FPDCCData\FPDCCTrail Z:\GIS\GIS_Data\Shapefiles\FPD_Trails ALL_TRAILS.shp # "NAME 'NAME' true true false 20 Text 0 0 ,First,#,Z:\PROJECTS\2008\08-54_FPDCC_Map_Updates\FPDCCRegionMap_OriginalData\FPDCCRegionMapGDB\FPDCCRegionMapData.mdb\FPDCCData\FPDCCTrail,NAME,-1,-1;FROMFC 'FROMFC' true true false 30 Text 0 0 ,First,#,Z:\PROJECTS\2008\08-54_FPDCC_Map_Updates\FPDCCRegionMap_OriginalData\FPDCCRegionMapGDB\FPDCCRegionMapData.mdb\FPDCCData\FPDCCTrail,FROMFC,-1,-1;COMMENTS 'COMMENTS' true true false 50 Text 0 0 ,First,#,Z:\PROJECTS\2008\08-54_FPDCC_Map_Updates\FPDCCRegionMap_OriginalData\FPDCCRegionMapGDB\FPDCCRegionMapData.mdb\FPDCCData\FPDCCTrail,COMMENTS,-1,-1;GPS 'GPS' true true false 5 Text 0 0 ,First,#,Z:\PROJECTS\2008\08-54_FPDCC_Map_Updates\FPDCCRegionMap_OriginalData\FPDCCRegionMapGDB\FPDCCRegionMapData.mdb\FPDCCData\FPDCCTrail,GPS,-1,-1;PAVED 'PAVED' true true false 15 Text 0 0 ,First,#,Z:\PROJECTS\2008\08-54_FPDCC_Map_Updates\FPDCCRegionMap_OriginalData\FPDCCRegionMapGDB\FPDCCRegionMapData.mdb\FPDCCData\FPDCCTrail,PAVED,-1,-1;Name2 'Name2' true true false 100 Text 0 0 ,First,#,Z:\PROJECTS\2008\08-54_FPDCC_Map_Updates\FPDCCRegionMap_OriginalData\FPDCCRegionMapGDB\FPDCCRegionMapData.mdb\FPDCCData\FPDCCTrail,Name2,-1,-1;LargeMap 'LargeMap' true true false 5 Text 0 0 ,First,#,Z:\PROJECTS\2008\08-54_FPDCC_Map_Updates\FPDCCRegionMap_OriginalData\FPDCCRegionMapGDB\FPDCCRegionMapData.mdb\FPDCCData\FPDCCTrail,LargeMap,-1,-1;SHAPE_Leng 'SHAPE_Length' false true true 8 Double 0 0 ,First,#,Z:\PROJECTS\2008\08-54_FPDCC_Map_Updates\FPDCCRegionMap_OriginalData\FPDCCRegionMapGDB\FPDCCRegionMapData.mdb\FPDCCData\FPDCCTrail,SHAPE_Length,-1,-1;Region 'Region' true true false 20 Text 0 0 ,First,#,Z:\PROJECTS\2008\08-54_FPDCC_Map_Updates\FPDCCRegionMap_OriginalData\FPDCCRegionMapGDB\FPDCCRegionMapData.mdb\FPDCCData\FPDCCTrail,Region,-1,-1" # Z:\GIS\GIS_Data\Shapefiles\FPD_Trails\ALL_TRAILS.shp</Process><Process ToolSource="C:\Program Files\ArcGIS\ArcToolbox\Toolboxes\Data Management Tools.tbx\Merge" Date="20091204" Time="105433">Merge ALL_TRAILS;Line_gen G:\GIS_Data\Shapefiles\FPD_Trails\ALL_TRAILS_12042009.shp "Comment 'Comment' true true false 32 Text 0 0 ,First,#,Line_gen,Comment,-1,-1;NAME 'NAME' true true false 20 Text 0 0 ,First,#,ALL_TRAILS,NAME,-1,-1;FROMFC 'FROMFC' true true false 30 Text 0 0 ,First,#,ALL_TRAILS,FROMFC,-1,-1;COMMENTS 'COMMENTS' true true false 50 Text 0 0 ,First,#,ALL_TRAILS,COMMENTS,-1,-1;GPS 'GPS' true true false 5 Text 0 0 ,First,#,ALL_TRAILS,GPS,-1,-1;PAVED 'PAVED' true true false 15 Text 0 0 ,First,#,ALL_TRAILS,PAVED,-1,-1;Name2 'Name2' true true false 100 Text 0 0 ,First,#,ALL_TRAILS,Name2,-1,-1;LargeMap 'LargeMap' true true false 5 Text 0 0 ,First,#,ALL_TRAILS,LargeMap,-1,-1;SHAPE_Leng 'SHAPE_Leng' true true false 19 Double 0 0 ,First,#,ALL_TRAILS,SHAPE_Leng,-1,-1;Region 'Region' true true false 20 Text 0 0 ,First,#,ALL_TRAILS,Region,-1,-1"</Process><Process ToolSource="c:\program files\arcgis\desktop10.0\ArcToolbox\Toolboxes\Data Management Tools.tbx\CopyFeatures" Date="20120621" Time="132657">CopyFeatures Z:\PROJECTS\2012\12-12_GIS_Requests\26-GroveMap_Signage\data\trails.shp Z:\PROJECTS\2012\12-12_GIS_Requests\26-GroveMap_Signage\data\Grove_Maps.mdb\PolyLines\trails # 0 0 0</Process><Process ToolSource="C:\Program Files (x86)\ArcGIS\Desktop10.0\ArcToolbox\Toolboxes\Cartography Tools.tbx\SimplifyLine" Date="20121010" Time="144826">SimplifyLine Trails C:\Users\GarretWais\Documents\ArcGIS\Default.gdb\trails_SimplifyLine1 POINT_REMOVE "8 Feet" RESOLVE_ERRORS KEEP_COLLAPSED_POINTS CHECK</Process><Process ToolSource="C:\Program Files (x86)\ArcGIS\Desktop10.0\ArcToolbox\Toolboxes\Conversion Tools.tbx\FeatureClassToFeatureClass" Date="20121012" Time="121046">FeatureClassToFeatureClass C:\Users\GarretWais\Documents\ArcGIS\Default.gdb\trails_SimplifyLine1 C:\Users\GarretWais\Documents\ArcGIS\Default.gdb\trails trails_SimplifyLine1b # "Comment "Comment" true true false 32 Text 0 0 ,First,#,C:\Users\GarretWais\Documents\ArcGIS\Default.gdb\trails_SimplifyLine1,Comment,-1,-1;NAME "NAME" true true false 20 Text 0 0 ,First,#,C:\Users\GarretWais\Documents\ArcGIS\Default.gdb\trails_SimplifyLine1,NAME,-1,-1;FROMFC "FROMFC" true true false 30 Text 0 0 ,First,#,C:\Users\GarretWais\Documents\ArcGIS\Default.gdb\trails_SimplifyLine1,FROMFC,-1,-1;COMMENTS "COMMENTS" true true false 50 Text 0 0 ,First,#,C:\Users\GarretWais\Documents\ArcGIS\Default.gdb\trails_SimplifyLine1,COMMENTS,-1,-1;GPS "GPS" true true false 5 Text 0 0 ,First,#,C:\Users\GarretWais\Documents\ArcGIS\Default.gdb\trails_SimplifyLine1,GPS,-1,-1;PAVED "PAVED" true true false 15 Text 0 0 ,First,#,C:\Users\GarretWais\Documents\ArcGIS\Default.gdb\trails_SimplifyLine1,PAVED,-1,-1;Name2 "Name2" true true false 100 Text 0 0 ,First,#,C:\Users\GarretWais\Documents\ArcGIS\Default.gdb\trails_SimplifyLine1,Name2,-1,-1;LargeMap "LargeMap" true true false 5 Text 0 0 ,First,#,C:\Users\GarretWais\Documents\ArcGIS\Default.gdb\trails_SimplifyLine1,LargeMap,-1,-1;SHAPE_Leng "SHAPE_Leng" true true false 8 Double 0 0 ,First,#,C:\Users\GarretWais\Documents\ArcGIS\Default.gdb\trails_SimplifyLine1,SHAPE_Leng,-1,-1;Region "Region" true true false 20 Text 0 0 ,First,#,C:\Users\GarretWais\Documents\ArcGIS\Default.gdb\trails_SimplifyLine1,Region,-1,-1;Miles "Miles" true true false 8 Double 0 0 ,First,#,C:\Users\GarretWais\Documents\ArcGIS\Default.gdb\trails_SimplifyLine1,Miles,-1,-1;Trail_Sys "Trail_Sys" true true false 50 Text 0 0 ,First,#,C:\Users\GarretWais\Documents\ArcGIS\Default.gdb\trails_SimplifyLine1,Trail_Sys,-1,-1;Shape_Length "Shape_Length" false true true 8 Double 0 0 ,First,#,C:\Users\GarretWais\Documents\ArcGIS\Default.gdb\trails_SimplifyLine1,Shape_Length,-1,-1;MaxSimpTol "MaxSimpTol" true true false 8 Double 0 0 ,First,#,C:\Users\GarretWais\Documents\ArcGIS\Default.gdb\trails_SimplifyLine1,MaxSimpTol,-1,-1;MinSimpTol "MinSimpTol" true true false 8 Double 0 0 ,First,#,C:\Users\GarretWais\Documents\ArcGIS\Default.gdb\trails_SimplifyLine1,MinSimpTol,-1,-1" #</Process><Process ToolSource="C:\Program Files (x86)\ArcGIS\Desktop10.0\ArcToolbox\Toolboxes\Cartography Tools.tbx\SimplifyLine" Date="20121012" Time="145142">SimplifyLine trails_SimplifyLine1b C:\Users\GarretWais\Documents\ArcGIS\Default.gdb\trails_SimplifyLine2 POINT_REMOVE "10 Feet" RESOLVE_ERRORS KEEP_COLLAPSED_POINTS CHECK</Process><Process ToolSource="C:\Program Files (x86)\ArcGIS\Desktop10.0\ArcToolbox\Toolboxes\Conversion Tools.tbx\FeatureClassToFeatureClass" Date="20121012" Time="145736">FeatureClassToFeatureClass C:\Users\GarretWais\Documents\ArcGIS\Default.gdb\trails_SimplifyLine2 X:\Projects\2012\12-12_GIS_Requests\26-GroveMap_Signage\data\Grove_Maps.mdb\PolyLines trails # "Comment "Comment" true true false 32 Text 0 0 ,First,#,C:\Users\GarretWais\Documents\ArcGIS\Default.gdb\trails_SimplifyLine2,Comment,-1,-1;NAME "NAME" true true false 20 Text 0 0 ,First,#,C:\Users\GarretWais\Documents\ArcGIS\Default.gdb\trails_SimplifyLine2,NAME,-1,-1;FROMFC "FROMFC" true true false 30 Text 0 0 ,First,#,C:\Users\GarretWais\Documents\ArcGIS\Default.gdb\trails_SimplifyLine2,FROMFC,-1,-1;COMMENTS "COMMENTS" true true false 50 Text 0 0 ,First,#,C:\Users\GarretWais\Documents\ArcGIS\Default.gdb\trails_SimplifyLine2,COMMENTS,-1,-1;GPS "GPS" true true false 5 Text 0 0 ,First,#,C:\Users\GarretWais\Documents\ArcGIS\Default.gdb\trails_SimplifyLine2,GPS,-1,-1;PAVED "PAVED" true true false 15 Text 0 0 ,First,#,C:\Users\GarretWais\Documents\ArcGIS\Default.gdb\trails_SimplifyLine2,PAVED,-1,-1;Name2 "Name2" true true false 100 Text 0 0 ,First,#,C:\Users\GarretWais\Documents\ArcGIS\Default.gdb\trails_SimplifyLine2,Name2,-1,-1;LargeMap "LargeMap" true true false 5 Text 0 0 ,First,#,C:\Users\GarretWais\Documents\ArcGIS\Default.gdb\trails_SimplifyLine2,LargeMap,-1,-1;SHAPE_Leng "SHAPE_Leng" true true false 8 Double 0 0 ,First,#,C:\Users\GarretWais\Documents\ArcGIS\Default.gdb\trails_SimplifyLine2,SHAPE_Leng,-1,-1;Region "Region" true true false 20 Text 0 0 ,First,#,C:\Users\GarretWais\Documents\ArcGIS\Default.gdb\trails_SimplifyLine2,Region,-1,-1;Miles "Miles" true true false 8 Double 0 0 ,First,#,C:\Users\GarretWais\Documents\ArcGIS\Default.gdb\trails_SimplifyLine2,Miles,-1,-1;Trail_Sys "Trail_Sys" true true false 50 Text 0 0 ,First,#,C:\Users\GarretWais\Documents\ArcGIS\Default.gdb\trails_SimplifyLine2,Trail_Sys,-1,-1;Shape_Length "Shape_Length" false true true 8 Double 0 0 ,First,#,C:\Users\GarretWais\Documents\ArcGIS\Default.gdb\trails_SimplifyLine2,Shape_Length,-1,-1;MaxSimpTol "MaxSimpTol" true true false 8 Double 0 0 ,First,#,C:\Users\GarretWais\Documents\ArcGIS\Default.gdb\trails_SimplifyLine2,MaxSimpTol,-1,-1;MinSimpTol "MinSimpTol" true true false 8 Double 0 0 ,First,#,C:\Users\GarretWais\Documents\ArcGIS\Default.gdb\trails_SimplifyLine2,MinSimpTol,-1,-1" #</Process><Process ToolSource="C:\Program Files (x86)\ArcGIS\Desktop10.0\ArcToolbox\Toolboxes\Data Management Tools.tbx\CopyFeatures" Date="20130225" Time="142907">CopyFeatures C:\Users\wingente\Desktop\Grove_Maps\Grove_Maps.mdb\PolyLines\trails "Database Connections\planim_gis.sde\planim.GIS.FPDCC\planim.GIS.trails" # 0 0 0</Process><Process ToolSource="C:\Program Files (x86)\ArcGIS\Desktop10.0\ArcToolbox\Toolboxes\Data Management Tools.tbx\CalculateField" Date="20130315" Time="123156">CalculateField planim.GIS.TrailFPDCC COMMENTS "Trail construction - Summer 2013" VB #</Process><Process ToolSource="C:\Program Files (x86)\ArcGIS\Desktop10.0\ArcToolbox\Toolboxes\Data Management Tools.tbx\CalculateField" Date="20130315" Time="124434">CalculateField planim.GIS.TrailFPDCC COMMENTS "Trail construction &amp; Improvements - Summer 2013" VB #</Process><Process ToolSource="C:\Program Files (x86)\ArcGIS\Desktop10.0\ArcToolbox\Toolboxes\Data Management Tools.tbx\CalculateField" Date="20130315" Time="124606">CalculateField planim.GIS.TrailFPDCC COMMENTS "Trail construction &amp; Improvements - Summer 2013" VB #</Process><Process ToolSource="C:\Program Files (x86)\ArcGIS\Desktop10.0\ArcToolbox\Toolboxes\Data Management Tools.tbx\CalculateField" Date="20130315" Time="125453">CalculateField planim.GIS.TrailFPDCC COMMENTS "Trail construction - Summer 2013" VB #</Process><Process ToolSource="C:\Program Files (x86)\ArcGIS\Desktop10.0\ArcToolbox\Toolboxes\Data Management Tools.tbx\CalculateField" Date="20130315" Time="125703">CalculateField planim.GIS.TrailFPDCC COMMENTS "Trail construction &amp; Improvement - Summer 2013" VB #</Process><Process ToolSource="C:\Program Files (x86)\ArcGIS\Desktop10.0\ArcToolbox\Toolboxes\Data Management Tools.tbx\CalculateField" Date="20130315" Time="125714">CalculateField planim.GIS.TrailFPDCC COMMENTS "Trail construction &amp; Improvements - Summer 2013" VB #</Process><Process ToolSource="C:\Program Files (x86)\ArcGIS\Desktop10.0\ArcToolbox\Toolboxes\Data Management Tools.tbx\CalculateField" Date="20130315" Time="125751">CalculateField planim.GIS.TrailFPDCC COMMENTS "Trail construction &amp; Improvements - Summer 2013" VB #</Process><Process ToolSource="C:\Program Files (x86)\ArcGIS\Desktop10.0\ArcToolbox\Toolboxes\Data Management Tools.tbx\CalculateField" Date="20130315" Time="125809">CalculateField planim.GIS.TrailFPDCC GPS "YES" VB #</Process><Process ToolSource="C:\Program Files (x86)\ArcGIS\Desktop10.0\ArcToolbox\Toolboxes\Data Management Tools.tbx\CalculateField" Date="20130315" Time="125845">CalculateField planim.GIS.TrailFPDCC GPS "NO" VB #</Process><Process ToolSource="C:\Program Files (x86)\ArcGIS\Desktop10.0\ArcToolbox\Toolboxes\Data Management Tools.tbx\CalculateField" Date="20130315" Time="130135">CalculateField planim.GIS.TrailFPDCC COMMENTS "Trail construction &amp; Improvements - Summer 2013" VB #</Process><Process ToolSource="C:\Program Files (x86)\ArcGIS\Desktop10.0\ArcToolbox\Toolboxes\Data Management Tools.tbx\CalculateField" Date="20130315" Time="130149">CalculateField planim.GIS.TrailFPDCC GPS "YES" VB #</Process><Process ToolSource="C:\Program Files (x86)\ArcGIS\Desktop10.0\ArcToolbox\Toolboxes\Data Management Tools.tbx\CalculateField" Date="20130315" Time="130231">CalculateField planim.GIS.TrailFPDCC GPS "YES" VB #</Process><Process ToolSource="C:\Program Files (x86)\ArcGIS\Desktop10.0\ArcToolbox\Toolboxes\Data Management Tools.tbx\CalculateField" Date="20130315" Time="130316">CalculateField planim.GIS.TrailFPDCC GPS "NO" VB #</Process><Process ToolSource="C:\Program Files (x86)\ArcGIS\Desktop10.0\ArcToolbox\Toolboxes\Data Management Tools.tbx\CalculateField" Date="20130315" Time="130409">CalculateField planim.GIS.TrailFPDCC GPS "YES" VB #</Process><Process ToolSource="C:\Program Files (x86)\ArcGIS\Desktop10.0\ArcToolbox\Toolboxes\Data Management Tools.tbx\CalculateField" Date="20130315" Time="130443">CalculateField planim.GIS.TrailFPDCC GPS "NO" VB #</Process><Process ToolSource="C:\Program Files (x86)\ArcGIS\Desktop10.0\ArcToolbox\Toolboxes\Data Management Tools.tbx\CalculateField" Date="20130315" Time="130533">CalculateField planim.GIS.TrailFPDCC GPS "YES" VB #</Process><Process ToolSource="C:\Program Files (x86)\ArcGIS\Desktop10.0\ArcToolbox\Toolboxes\Data Management Tools.tbx\CalculateField" Date="20130315" Time="130849">CalculateField planim.GIS.TrailFPDCC Comment "Added Dec 2012" VB #</Process><Process ToolSource="C:\Program Files (x86)\ArcGIS\Desktop10.0\ArcToolbox\Toolboxes\Data Management Tools.tbx\CalculateField" Date="20130315" Time="130911">CalculateField planim.GIS.TrailFPDCC Comment "Added Dec 2012" VB #</Process><Process ToolSource="C:\Program Files (x86)\ArcGIS\Desktop10.0\ArcToolbox\Toolboxes\Data Management Tools.tbx\CalculateField" Date="20130315" Time="131118">CalculateField planim.GIS.TrailFPDCC Comment "Added Mar 2013" VB #</Process><Process ToolSource="C:\Program Files (x86)\ArcGIS\Desktop10.0\ArcToolbox\Toolboxes\Data Management Tools.tbx\CalculateField" Date="20130315" Time="131216">CalculateField planim.GIS.TrailFPDCC LargeMap "YES" VB #</Process><Process ToolSource="C:\Program Files (x86)\ArcGIS\Desktop10.0\ArcToolbox\Toolboxes\Data Management Tools.tbx\CalculateField" Date="20130315" Time="131821">CalculateField planim.GIS.TrailFPDCC Region "1" VB #</Process><Process ToolSource="C:\Program Files (x86)\ArcGIS\Desktop10.0\ArcToolbox\Toolboxes\Data Management Tools.tbx\CalculateField" Date="20130315" Time="131914">CalculateField planim.GIS.TrailFPDCC Region "2" VB #</Process><Process ToolSource="C:\Program Files (x86)\ArcGIS\Desktop10.0\ArcToolbox\Toolboxes\Data Management Tools.tbx\CalculateField" Date="20130315" Time="131959">CalculateField planim.GIS.TrailFPDCC Region "3" VB #</Process><Process ToolSource="C:\Program Files (x86)\ArcGIS\Desktop10.0\ArcToolbox\Toolboxes\Data Management Tools.tbx\CalculateField" Date="20130315" Time="132030">CalculateField planim.GIS.TrailFPDCC Region "4" VB #</Process><Process ToolSource="C:\Program Files (x86)\ArcGIS\Desktop10.0\ArcToolbox\Toolboxes\Data Management Tools.tbx\CalculateField" Date="20130315" Time="132050">CalculateField planim.GIS.TrailFPDCC Region "5" VB #</Process><Process ToolSource="C:\Program Files (x86)\ArcGIS\Desktop10.0\ArcToolbox\Toolboxes\Data Management Tools.tbx\CalculateField" Date="20130315" Time="132120">CalculateField planim.GIS.TrailFPDCC Region "6" VB #</Process><Process ToolSource="C:\Program Files (x86)\ArcGIS\Desktop10.0\ArcToolbox\Toolboxes\Data Management Tools.tbx\CalculateField" Date="20130315" Time="132145">CalculateField planim.GIS.TrailFPDCC Region "7" VB #</Process><Process ToolSource="C:\Program Files (x86)\ArcGIS\Desktop10.0\ArcToolbox\Toolboxes\Data Management Tools.tbx\CalculateField" Date="20130315" Time="132214">CalculateField planim.GIS.TrailFPDCC Region "8" VB #</Process><Process ToolSource="C:\Program Files (x86)\ArcGIS\Desktop10.0\ArcToolbox\Toolboxes\Data Management Tools.tbx\CalculateField" Date="20130315" Time="132246">CalculateField planim.GIS.TrailFPDCC Region "9" VB #</Process><Process ToolSource="C:\Program Files (x86)\ArcGIS\Desktop10.0\ArcToolbox\Toolboxes\Data Management Tools.tbx\CalculateField" Date="20130425" Time="084411">CalculateField planim.GIS.TrailFPDCC Region 4 VB #</Process><Process Name="Add Field: TrailType" ToolSource="c:\program files (x86)\arcgis\desktop10.1\ArcToolbox\Toolboxes\Data Management Tools.tbx\AddField" Date="20130816" Time="083327">AddField "Database Connections\planim_gis.sde\planim.GIS.FPDCC\planim.GIS.TrailFPDCC" TrailType TEXT # # 25 # NULLABLE NON_REQUIRED #</Process><Process Name="Add Field: TrailSurface" ToolSource="c:\program files (x86)\arcgis\desktop10.1\ArcToolbox\Toolboxes\Data Management Tools.tbx\AddField" Date="20130816" Time="083328">AddField "Database Connections\planim_gis.sde\planim.GIS.FPDCC\planim.GIS.TrailFPDCC" TrailSurface TEXT # # 25 # NULLABLE NON_REQUIRED #</Process><Process Name="Add Field: TrailDifficulty" ToolSource="c:\program files (x86)\arcgis\desktop10.1\ArcToolbox\Toolboxes\Data Management Tools.tbx\AddField" Date="20130816" Time="083329">AddField "Database Connections\planim_gis.sde\planim.GIS.FPDCC\planim.GIS.TrailFPDCC" TrailDifficulty TEXT # # 25 # NULLABLE NON_REQUIRED #</Process><Process Name="Add Field" ToolSource="c:\program files (x86)\arcgis\desktop10.1\ArcToolbox\Toolboxes\Data Management Tools.tbx\AddField" Date="20130822" Time="081311">AddField "Database Connections\planim - GIS User.sde\planim.GIS.FPDCC\planim.GIS.TrailFPDCC" Editor TEXT # # 3 # NULLABLE NON_REQUIRED Editor_FPDCC</Process><Process Name="Add Field" ToolSource="c:\program files (x86)\arcgis\desktop10.1\ArcToolbox\Toolboxes\Data Management Tools.tbx\AddField" Date="20130822" Time="081522">AddField "Database Connections\planim - GIS User.sde\planim.GIS.FPDCC\planim.GIS.TrailFPDCC" Edtdate DATE # # # # NULLABLE NON_REQUIRED #</Process><Process Name="Add Field" ToolSource="c:\program files (x86)\arcgis\desktop10.1\ArcToolbox\Toolboxes\Data Management Tools.tbx\AddField" Date="20130822" Time="081705">AddField "Database Connections\planim - GIS User.sde\planim.GIS.FPDCC\planim.GIS.TrailFPDCC" EdtComnt TEXT # # 256 # NULLABLE NON_REQUIRED #</Process><Process Name="Add Field" ToolSource="c:\program files (x86)\arcgis\desktop10.1\ArcToolbox\Toolboxes\Data Management Tools.tbx\AddField" Date="20130822" Time="081821">AddField "Database Connections\planim - GIS User.sde\planim.GIS.FPDCC\planim.GIS.TrailFPDCC" Zone TEXT # # 10 # NULLABLE NON_REQUIRED #</Process><Process ToolSource="c:\program files (x86)\arcgis\desktop10.1\ArcToolbox\Toolboxes\Data Management Tools.tbx\CalculateField" Date="20140502" Time="162158">CalculateField planim.GIS.TrailFPDCC COMMENTS "Unrecognized Trail" VB #</Process><Process ToolSource="c:\program files (x86)\arcgis\desktop10.1\ArcToolbox\Toolboxes\Data Management Tools.tbx\CalculateField" Date="20140502" Time="162420">CalculateField planim.GIS.TrailFPDCC Editor "Garret Wais" VB #</Process><Process ToolSource="c:\program files (x86)\arcgis\desktop10.1\ArcToolbox\Toolboxes\Data Management Tools.tbx\CalculateField" Date="20140502" Time="162437">CalculateField planim.GIS.TrailFPDCC Edtdate 5/2/2014 VB #</Process><Process ToolSource="c:\program files (x86)\arcgis\desktop10.1\ArcToolbox\Toolboxes\Data Management Tools.tbx\CalculateField" Date="20140502" Time="162449">CalculateField planim.GIS.TrailFPDCC Edtdate "5/2/2014" VB #</Process><Process ToolSource="c:\program files (x86)\arcgis\desktop10.1\ArcToolbox\Toolboxes\Data Management Tools.tbx\CalculateField" Date="20140502" Time="162544">CalculateField planim.GIS.TrailFPDCC EdtComnt "Changed to unrecognized trail in COMMENTS." VB #</Process><Process ToolSource="c:\program files (x86)\arcgis\desktop10.1\ArcToolbox\Toolboxes\Data Management Tools.tbx\CalculateField" Date="20150120" Time="120057">CalculateField planim.GIS.TrailFPDCC FROMFC "NOTGPS" VB #</Process><Process ToolSource="c:\program files (x86)\arcgis\desktop10.1\ArcToolbox\Toolboxes\Data Management Tools.tbx\CalculateField" Date="20150401" Time="114729">CalculateField planim.GIS.TrailFPDCC TrailType "Paved" VB #</Process><Process ToolSource="c:\program files (x86)\arcgis\desktop10.1\ArcToolbox\Toolboxes\Data Management Tools.tbx\CalculateField" Date="20150401" Time="114854">CalculateField planim.GIS.TrailFPDCC TrailDifficulty "Easy" VB #</Process><Process ToolSource="c:\program files (x86)\arcgis\desktop10.1\ArcToolbox\Toolboxes\Data Management Tools.tbx\CalculateField" Date="20150401" Time="120913">CalculateField planim.GIS.TrailFPDCC PAVED "PAVED" VB #</Process><Process ToolSource="c:\program files (x86)\arcgis\desktop10.1\ArcToolbox\Toolboxes\Data Management Tools.tbx\CalculateField" Date="20150401" Time="120938">CalculateField planim.GIS.TrailFPDCC TrailType "Paved" VB #</Process><Process ToolSource="c:\program files (x86)\arcgis\desktop10.1\ArcToolbox\Toolboxes\Data Management Tools.tbx\CalculateField" Date="20150401" Time="120955">CalculateField planim.GIS.TrailFPDCC TrailSurface "Asphault" VB #</Process><Process ToolSource="c:\program files (x86)\arcgis\desktop10.1\ArcToolbox\Toolboxes\Data Management Tools.tbx\CalculateField" Date="20150410" Time="114826">CalculateField planim.GIS.TrailFPDCC TrailSurface "Asphalt" VB #</Process></lineage><itemProps><itemName Sync="TRUE">planim.GIS.trails</itemName><imsContentType Sync="TRUE">002</imsContentType><itemLocation><linkage Sync="TRUE">Server=gissqlclstr1; Service=sde:sqlserver:gissqlclstr1; Database=planim; User=gis; Version=sde.DEFAULT</linkage><protocol Sync="TRUE">ArcSDE Connection</protocol></itemLocation></itemProps><coordRef><type Sync="TRUE">Projected</type><geogcsn Sync="TRUE">GCS_North_American_1983</geogcsn><csUnits Sync="TRUE">Linear Unit: Foot_US (0.304801)</csUnits><projcsn Sync="TRUE">NAD_1983_StatePlane_Illinois_East_FIPS_1201_Feet</projcsn><peXml Sync="TRUE">&lt;ProjectedCoordinateSystem xsi:type='typens:ProjectedCoordinateSystem' xmlns:xsi='http://www.w3.org/2001/XMLSchema-instance' xmlns:xs='http://www.w3.org/2001/XMLSchema' xmlns:typens='http://www.esri.com/schemas/ArcGIS/10.0'&gt;&lt;WKT&gt;PROJCS[&amp;quot;NAD_1983_StatePlane_Illinois_East_FIPS_1201_Feet&amp;quot;,GEOGCS[&amp;quot;GCS_North_American_1983&amp;quot;,DATUM[&amp;quot;D_North_American_1983&amp;quot;,SPHEROID[&amp;quot;GRS_1980&amp;quot;,6378137.0,298.257222101]],PRIMEM[&amp;quot;Greenwich&amp;quot;,0.0],UNIT[&amp;quot;Degree&amp;quot;,0.0174532925199433]],PROJECTION[&amp;quot;Transverse_Mercator&amp;quot;],PARAMETER[&amp;quot;False_Easting&amp;quot;,984250.0],PARAMETER[&amp;quot;False_Northing&amp;quot;,0.0],PARAMETER[&amp;quot;Central_Meridian&amp;quot;,-88.33333333333333],PARAMETER[&amp;quot;Scale_Factor&amp;quot;,0.999975],PARAMETER[&amp;quot;Latitude_Of_Origin&amp;quot;,36.66666666666666],UNIT[&amp;quot;Foot_US&amp;quot;,0.3048006096012192],AUTHORITY[&amp;quot;EPSG&amp;quot;,3435]]&lt;/WKT&gt;&lt;XOrigin&gt;-17463800&lt;/XOrigin&gt;&lt;YOrigin&gt;-46132600&lt;/YOrigin&gt;&lt;XYScale&gt;4000&lt;/XYScale&gt;&lt;ZOrigin&gt;0&lt;/ZOrigin&gt;&lt;ZScale&gt;1&lt;/ZScale&gt;&lt;MOrigin&gt;0&lt;/MOrigin&gt;&lt;MScale&gt;1&lt;/MScale&gt;&lt;XYTolerance&gt;0.002&lt;/XYTolerance&gt;&lt;ZTolerance&gt;2&lt;/ZTolerance&gt;&lt;MTolerance&gt;2&lt;/MTolerance&gt;&lt;HighPrecision&gt;true&lt;/HighPrecision&gt;&lt;WKID&gt;3435&lt;/WKID&gt;&lt;/ProjectedCoordinateSystem&gt;</peXml></coordRef></DataProperties><ArcGISFormat>1.0</ArcGISFormat></Esri><idinfo><native Sync="TRUE">Microsoft Windows XP Version 5.1 (Build 2600) Service Pack 3; ESRI ArcCatalog 9.3.1.3000</native><descript><langdata Sync="TRUE">en</langdata><abstract>REQUIRED: A brief narrative summary of the data set.</abstract><purpose>REQUIRED: A summary of the intentions with which the data set was developed.</purpose></descript><citation><citeinfo><origin>REQUIRED: The name of an organization or individual that developed the data set.</origin><pubdate>REQUIRED: The date when the data set is published or otherwise made available for release.</pubdate><title Sync="TRUE">ALL_TRAILS_12042009</title><ftname Sync="TRUE">ALL_TRAILS_12042009</ftname><geoform Sync="TRUE">vector digital data</geoform><onlink Sync="TRUE">\\PLANDEVSERVER\GIS\GIS_Data\Shapefiles\FPD_Trails\ALL_TRAILS_12042009.shp</onlink></citeinfo></citation><timeperd><current>REQUIRED: The basis on which the time period of content information is determined.</current><timeinfo><sngdate><caldate>REQUIRED: The year (and optionally month, or month and day) for which the data set corresponds to the ground.</caldate></sngdate></timeinfo></timeperd><status><progress>REQUIRED: The state of the data set.</progress><update>REQUIRED: The frequency with which changes and additions are made to the data set after the initial data set is completed.</update></status><spdom><bounding><westbc Sync="TRUE">REQUIRED: Western-most coordinate of the limit of coverage expressed in longitude.</westbc><eastbc Sync="TRUE">REQUIRED: Eastern-most coordinate of the limit of coverage expressed in longitude.</eastbc><northbc Sync="TRUE">REQUIRED: Northern-most coordinate of the limit of coverage expressed in latitude.</northbc><southbc Sync="TRUE">REQUIRED: Southern-most coordinate of the limit of coverage expressed in latitude.</southbc></bounding></spdom><keywords><theme><themekt>REQUIRED: Reference to a formally registered thesaurus or a similar authoritative source of theme keywords.</themekt><themekey>REQUIRED: Common-use word or phrase used to describe the subject of the data set.</themekey></theme></keywords><accconst>REQUIRED: Restrictions and legal prerequisites for accessing the data set.</accconst><useconst>REQUIRED: Restrictions and legal prerequisites for using the data set after access is granted.</useconst><natvform Sync="TRUE">Shapefile</natvform></idinfo><dataIdInfo><envirDesc Sync="TRUE">Microsoft Windows 7 Version 6.1 (Build 7601) Service Pack 1; ESRI ArcGIS 10.0.4.4000</envirDesc><dataLang><languageCode Sync="TRUE" value="eng" country="USA"></languageCode><countryCode value="USA" Sync="TRUE"></countryCode></dataLang><idCitation><resTitle Sync="TRUE">planim.GIS.trails</resTitle><presForm><PresFormCd Sync="TRUE" value="005"></PresFormCd></presForm></idCitation><spatRpType><SpatRepTypCd Sync="TRUE" value="001"></SpatRepTypCd></spatRpType><descKeys><thesaName uuidref="723f6998-058e-11dc-8314-0800200c9a66"></thesaName><keyword Sync="TRUE">002</keyword></descKeys></dataIdInfo><metainfo><langmeta Sync="TRUE">en</langmeta><metstdn Sync="TRUE">FGDC Content Standards for Digital Geospatial Metadata</metstdn><metstdv Sync="TRUE">FGDC-STD-001-1998</metstdv><mettc Sync="TRUE">local time</mettc><metc><cntinfo><cntorgp><cntper>REQUIRED: The person responsible for the metadata information.</cntper><cntorg>REQUIRED: The organization responsible for the metadata information.</cntorg></cntorgp><cntaddr><addrtype>REQUIRED: The mailing and/or physical address for the organization or individual.</addrtype><city>REQUIRED: The city of the address.</city><state>REQUIRED: The state or province of the address.</state><postal>REQUIRED: The ZIP or other postal code of the address.</postal></cntaddr><cntvoice>REQUIRED: The telephone number by which individuals can speak to the organization or individual.</cntvoice></cntinfo></metc><metd Sync="TRUE">20091204</metd></metainfo><mdLang><languageCode Sync="TRUE" value="eng"></languageCode><countryCode value="USA" Sync="TRUE"></countryCode></mdLang><mdStanName Sync="TRUE">ISO 19115 Geographic Information - Metadata</mdStanName><mdStanVer Sync="TRUE">DIS_ESRI1.0</mdStanVer><mdChar><CharSetCd Sync="TRUE" value="004"></CharSetCd></mdChar><mdHrLv><ScopeCd Sync="TRUE" value="005"></ScopeCd></mdHrLv><mdHrLvName Sync="TRUE">dataset</mdHrLvName><distinfo><resdesc Sync="TRUE">Downloadable Data</resdesc><stdorder><digform><digtinfo><transize Sync="TRUE">0.000</transize><dssize Sync="TRUE">0.000</dssize></digtinfo></digform></stdorder></distinfo><distInfo><distributor><distorTran><onLineSrc><orDesc Sync="TRUE">002</orDesc><linkage Sync="TRUE">file://\\PLANDEVSERVER\GIS\GIS_Data\Shapefiles\FPD_Trails\ALL_TRAILS_12042009.shp</linkage><protocol Sync="TRUE">Local Area Network</protocol></onLineSrc><transSize Sync="TRUE">0.000</transSize></distorTran><distorFormat><formatName Sync="TRUE">Shapefile</formatName></distorFormat></distributor><distFormat><formatName Sync="TRUE">SDE Feature Class</formatName></distFormat></distInfo><spdoinfo><direct Sync="TRUE">Vector</direct><ptvctinf><esriterm><efeatyp Sync="TRUE">Simple</efeatyp><efeageom code="3" Sync="TRUE"></efeageom><esritopo Sync="TRUE">FALSE</esritopo><efeacnt Sync="TRUE">0</efeacnt><spindex Sync="TRUE">TRUE</spindex><linrefer Sync="TRUE">FALSE</linrefer></esriterm></ptvctinf></spdoinfo><spref><horizsys><cordsysn><geogcsn Sync="TRUE">GCS_North_American_1983</geogcsn><projcsn Sync="TRUE">NAD_1983_StatePlane_Illinois_East_FIPS_1201_Feet</projcsn></cordsysn><planar><planci><plance Sync="TRUE">coordinate pair</plance><plandu Sync="TRUE">survey feet</plandu><coordrep><absres Sync="TRUE">0.000000</absres><ordres Sync="TRUE">0.000000</ordres></coordrep></planci></planar><geodetic><horizdn Sync="TRUE">North American Datum of 1983</horizdn><ellips Sync="TRUE">Geodetic Reference System 80</ellips><semiaxis Sync="TRUE">6378137.000000</semiaxis><denflat Sync="TRUE">298.257222</denflat></geodetic></horizsys><vertdef><altsys><altenc Sync="TRUE">Explicit elevation coordinate included with horizontal coordinates</altenc><altres Sync="TRUE">1.000000</altres></altsys></vertdef></spref><refSysInfo><RefSystem><refSysID><identCode Sync="TRUE" value="3435" code="3435">NAD_1983_StatePlane_Illinois_East_FIPS_1201_Feet</identCode><idCodeSpace Sync="TRUE">EPSG</idCodeSpace><idVersion Sync="TRUE">7.4.1</idVersion></refSysID></RefSystem></refSysInfo><spatRepInfo><VectSpatRep><geometObjs Name="planim.GIS.trails"><geoObjTyp><GeoObjTypCd value="002" Sync="TRUE"></GeoObjTypCd></geoObjTyp><geoObjCnt Sync="TRUE">0</geoObjCnt></geometObjs><topLvl><TopoLevCd value="001" Sync="TRUE"></TopoLevCd></topLvl></VectSpatRep></spatRepInfo><eainfo><detailed Name="planim.GIS.trails"><enttyp><enttypl Sync="TRUE">planim.GIS.trails</enttypl><enttypt Sync="TRUE">Feature Class</enttypt><enttypc Sync="TRUE">0</enttypc></enttyp><attr><attrlabl Sync="TRUE">OBJECTID</attrlabl><attalias Sync="TRUE">OBJECTID</attalias><attrtype Sync="TRUE">OID</attrtype><attwidth Sync="TRUE">4</attwidth><atprecis Sync="TRUE">10</atprecis><attscale Sync="TRUE">0</attscale><attrdef Sync="TRUE">Internal feature number.</attrdef><attrdefs Sync="TRUE">ESRI</attrdefs><attrdomv><udom Sync="TRUE">Sequential unique whole numbers that are automatically generated.</udom></attrdomv></attr><attr><attrlabl Sync="TRUE">NAME</attrlabl><attalias Sync="TRUE">NAME</attalias><attrtype Sync="TRUE">String</attrtype><attwidth Sync="TRUE">20</attwidth><atprecis Sync="TRUE">0</atprecis><attscale Sync="TRUE">0</attscale></attr><attr><attrlabl Sync="TRUE">Comment</attrlabl><attalias Sync="TRUE">Comment</attalias><attrtype Sync="TRUE">String</attrtype><attwidth Sync="TRUE">32</attwidth><atprecis Sync="TRUE">0</atprecis><attscale Sync="TRUE">0</attscale></attr><attr><attrlabl Sync="TRUE">FROMFC</attrlabl><attalias Sync="TRUE">FROMFC</attalias><attrtype Sync="TRUE">String</attrtype><attwidth Sync="TRUE">30</attwidth><atprecis Sync="TRUE">0</atprecis><attscale Sync="TRUE">0</attscale></attr><attr><attrlabl Sync="TRUE">COMMENTS</attrlabl><attalias Sync="TRUE">COMMENTS</attalias><attrtype Sync="TRUE">String</attrtype><attwidth Sync="TRUE">50</attwidth><atprecis Sync="TRUE">0</atprecis><attscale Sync="TRUE">0</attscale></attr><attr><attrlabl Sync="TRUE">GPS</attrlabl><attalias Sync="TRUE">GPS</attalias><attrtype Sync="TRUE">String</attrtype><attwidth Sync="TRUE">5</attwidth><atprecis Sync="TRUE">0</atprecis><attscale Sync="TRUE">0</attscale></attr><attr><attrlabl Sync="TRUE">PAVED</attrlabl><attalias Sync="TRUE">PAVED</attalias><attrtype Sync="TRUE">String</attrtype><attwidth Sync="TRUE">15</attwidth><atprecis Sync="TRUE">0</atprecis><attscale Sync="TRUE">0</attscale></attr><attr><attrlabl Sync="TRUE">Name2</attrlabl><attalias Sync="TRUE">Name2</attalias><attrtype Sync="TRUE">String</attrtype><attwidth Sync="TRUE">100</attwidth><atprecis Sync="TRUE">0</atprecis><attscale Sync="TRUE">0</attscale></attr><attr><attrlabl Sync="TRUE">LargeMap</attrlabl><attalias Sync="TRUE">LargeMap</attalias><attrtype Sync="TRUE">String</attrtype><attwidth Sync="TRUE">5</attwidth><atprecis Sync="TRUE">0</atprecis><attscale Sync="TRUE">0</attscale></attr><attr><attrlabl Sync="TRUE">SHAPE</attrlabl><attalias Sync="TRUE">Shape</attalias><attrtype Sync="TRUE">Geometry</attrtype><attwidth Sync="TRUE">4</attwidth><atprecis Sync="TRUE">0</atprecis><attscale Sync="TRUE">0</attscale><attrdef Sync="TRUE">Feature geometry.</attrdef><attrdefs Sync="TRUE">ESRI</attrdefs><attrdomv><udom Sync="TRUE">Coordinates defining the features.</udom></attrdomv></attr><attr><attrlabl Sync="TRUE">SHAPE_Leng</attrlabl><attalias Sync="TRUE">SHAPE_Leng</attalias><attrtype Sync="TRUE">Double</attrtype><attwidth Sync="TRUE">8</attwidth><atprecis Sync="TRUE">38</atprecis><attscale Sync="TRUE">8</attscale></attr><attr><attrlabl Sync="TRUE">Region</attrlabl><attalias Sync="TRUE">Region</attalias><attrtype Sync="TRUE">String</attrtype><attwidth Sync="TRUE">20</attwidth><atprecis Sync="TRUE">0</atprecis><attscale Sync="TRUE">0</attscale></attr><attr><attrlabl Sync="TRUE">Miles</attrlabl><attalias Sync="TRUE">Miles</attalias><attrtype Sync="TRUE">Double</attrtype><attwidth Sync="TRUE">8</attwidth><atprecis Sync="TRUE">38</atprecis><attscale Sync="TRUE">8</attscale></attr><attr><attrlabl Sync="TRUE">Trail_Sys</attrlabl><attalias Sync="TRUE">Trail_Sys</attalias><attrtype Sync="TRUE">String</attrtype><attwidth Sync="TRUE">50</attwidth><atprecis Sync="TRUE">0</atprecis><attscale Sync="TRUE">0</attscale></attr><attr><attrlabl Sync="TRUE">MaxSimpTol</attrlabl><attalias Sync="TRUE">MaxSimpTol</attalias><attrtype Sync="TRUE">Double</attrtype><attwidth Sync="TRUE">8</attwidth><atprecis Sync="TRUE">38</atprecis><attscale Sync="TRUE">8</attscale></attr><attr><attrlabl Sync="TRUE">MinSimpTol</attrlabl><attalias Sync="TRUE">MinSimpTol</attalias><attrtype Sync="TRUE">Double</attrtype><attwidth Sync="TRUE">8</attwidth><atprecis Sync="TRUE">38</atprecis><attscale Sync="TRUE">8</attscale></attr><attr><attrlabl Sync="TRUE">Shape.len</attrlabl><attalias Sync="TRUE">Shape.len</attalias><attrtype Sync="TRUE">Double</attrtype><attwidth Sync="TRUE">0</attwidth><atprecis Sync="TRUE">0</atprecis><attscale Sync="TRUE">0</attscale></attr></detailed></eainfo><mdDateSt Sync="TRUE">20130225</mdDateSt><dataqual><lineage><procstep><procdesc Sync="TRUE">Dataset copied.</procdesc><srcused Sync="TRUE">Server=pwasql; Service=sde:sqlserver:pwasql; Database=cookgis; User=gis; Version=sde.DEFAULT</srcused><date Sync="TRUE">20080902</date><time Sync="TRUE">11392800</time></procstep></lineage></dataqual></metadata>
