<metadata xml:lang="en"><Esri><CreaDate>20121129</CreaDate><CreaTime>16272700</CreaTime><SyncOnce>FALSE</SyncOnce><SyncDate>20150403</SyncDate><SyncTime>10403500</SyncTime><ModDate>20150403</ModDate><ModTime>10403500</ModTime><DataProperties><lineage><Process ToolSource="C:\Program Files\ArcGIS\ArcToolbox\Toolboxes\Data Management Tools.tbx\Append" Date="20120217" Time="101206">Append 2011_Final-Acquisitions FPDParcels_02172012 NO_TEST "OBJECTID 'OBJECTID' true false false 9 Long 0 9 ,First,#;PIN14 'PIN14' true false false 14 Text 0 0 ,First,#,G:\GIS_Data\Shapefiles\FPD_Bnds\Acquisitions\2011\2011_Final-Acquisitions.shp,pin14,-1,-1;PIN10 'PIN10' true false false 10 Text 0 0 ,First,#,G:\GIS_Data\Shapefiles\FPD_Bnds\Acquisitions\2011\2011_Final-Acquisitions.shp,pin10,-1,-1;SHAPE__Are 'SHAPE__Are' true false false 19 Double 0 0 ,First,#;SHAPE__Len 'SHAPE__Len' true false false 19 Double 0 0 ,First,#;PIN14_1 'PIN14_1' true false false 14 Text 0 0 ,First,#;PIN10_1 'PIN10_1' true false false 10 Text 0 0 ,First,#;TAXPAYER_N 'TAXPAYER_N' true false false 50 Text 0 0 ,First,#;EXEMPTION_ 'EXEMPTION_' true false false 9 Long 0 9 ,First,#;STREET_DIR 'STREET_DIR' true false false 2 Text 0 0 ,First,#;STREET_NAM 'STREET_NAM' true false false 30 Text 0 0 ,First,#;STREET_SUF 'STREET_SUF' true false false 4 Text 0 0 ,First,#;CITY_NAME 'CITY_NAME' true false false 30 Text 0 0 ,First,#;OID_ 'OID_' true false false 9 Long 0 9 ,First,#;CONTROL 'CONTROL' true false false 19 Double 0 0 ,First,#;SUBCON 'SUBCON' true false false 2 Text 0 0 ,First,#;GRANTOR 'GRANTOR' true false false 35 Text 0 0 ,First,#;FIELD1 'FIELD1' true false false 50 Text 0 0 ,First,#;PIN 'PIN' true false false 13 Text 0 0 ,First,#;CKLTRNO 'CKLTRNO' true false false 4 Text 0 0 ,First,#;DTCKLTR 'DTCKLTR' true true false 8 Date 0 0 ,First,#;CLOSLTRNO 'CLOSLTRNO' true false false 4 Text 0 0 ,First,#;DTCLLTR 'DTCLLTR' true true false 8 Date 0 0 ,First,#;DTCONPET 'DTCONPET' true true false 8 Date 0 0 ,First,#;PROCEDBKYR 'PROCEDBKYR' true false false 4 Text 0 0 ,First,#;PROCEDBKPG 'PROCEDBKPG' true false false 4 Text 0 0 ,First,#;DEEDBKNO 'DEEDBKNO' true false false 4 Text 0 0 ,First,#;DEEDBKPG 'DEEDBKPG' true false false 7 Text 0 0 ,First,#;LEGFILNO 'LEGFILNO' true false false 7 Text 0 0 ,First,#;SURVEYNO 'SURVEYNO' true false false 20 Text 0 0 ,First,#;PLATNO 'PLATNO' true false false 20 Text 0 0 ,First,#;TRACTNAME 'TRACTNAME' true false false 20 Text 0 0 ,First,#;REMARKSA 'REMARKSA' true false false 10 Text 0 0 ,First,#;ACRE 'ACRE' true false false 19 Double 0 0 ,First,#;CREBNO 'CREBNO' true false false 10 Text 0 0 ,First,#;APPCSTACRE 'APPCSTACRE' true false false 10 Text 0 0 ,First,#;IMPRVAPP 'IMPRVAPP' true false false 10 Text 0 0 ,First,#;OTHERAPPRS 'OTHERAPPRS' true false false 20 Text 0 0 ,First,#;CREBFILNO 'CREBFILNO' true false false 10 Text 0 0 ,First,#;REMARKSB 'REMARKSB' true false false 10 Text 0 0 ,First,#;ACREAGE 'ACREAGE' true false false 19 Double 0 0 ,First,#;COST 'COST' true false false 19 Double 0 0 ,First,#;COSTACRE 'COSTACRE' true false false 19 Double 0 0 ,First,#;ACQBYNEG 'ACQBYNEG' true false false 4 Short 0 4 ,First,#;ACQBYCON 'ACQBYCON' true false false 4 Short 0 4 ,First,#;CONDEMNO 'CONDEMNO' true false false 10 Text 0 0 ,First,#;DTJMORD 'DTJMORD' true true false 8 Date 0 0 ,First,#;PARTFPDFED 'PARTFPDFED' true false false 5 Text 0 0 ,First,#;REMARKSC 'REMARKSC' true false false 10 Text 0 0 ,First,#;GUARPOLNO 'GUARPOLNO' true false false 7 Text 0 0 ,First,#;TORRCERTNO 'TORRCERTNO' true false false 7 Text 0 0 ,First,#;TYPEDOC 'TYPEDOC' true false false 4 Text 0 0 ,First,#;DATEDOC 'DATEDOC' true true false 8 Date 0 0 ,First,#;DOCNO 'DOCNO' true false false 8 Text 0 0 ,First,#;BOOKNO 'BOOKNO' true false false 6 Text 0 0 ,First,#;PAGENO 'PAGENO' true false false 4 Text 0 0 ,First,#;DATEREC 'DATEREC' true true false 8 Date 0 0 ,First,#;REMARKSD 'REMARKSD' true false false 10 Text 0 0 ,First,#;VOLNO 'VOLNO' true false false 4 Text 0 0 ,First,#;ITEMNO 'ITEMNO' true false false 8 Text 0 0 ,First,#;YRTAXCLM 'YRTAXCLM' true false false 4 Text 0 0 ,First,#;AMTAXCLM 'AMTAXCLM' true false false 7 Text 0 0 ,First,#;DTINJUNFIL 'DTINJUNFIL' true false false 12 Text 0 0 ,First,#;DTINJUNACT 'DTINJUNACT' true true false 8 Date 0 0 ,First,#;DTEXEMP 'DTEXEMP' true false false 12 Text 0 0 ,First,#;REMARKSE 'REMARKSE' true false false 10 Text 0 0 ,First,#;Shape_Leng 'Shape_Leng' true false false 19 Double 0 0 ,First,#;Shape_Area 'Shape_Area' true false false 19 Double 0 0 ,First,#;Status 'Status' true false false 50 Text 0 0 ,First,#;dissolve 'dissolve' true false false 4 Short 0 4 ,First,#;name 'name' true false false 50 Text 0 0 ,First,#;Updated 'Updated' true true false 8 Date 0 0 ,First,#;FPD_AC 'FPD_AC' true false false 19 Double 0 0 ,First,#" # FPDParcels_02172012</Process><Process ToolSource="C:\Program Files\ArcGIS\Desktop10.0\ArcToolbox\Toolboxes\Data Management Tools.tbx\CalculateField" Date="20120810" Time="123216">CalculateField FPDParcels_03092012 Status "OSLAD" VB #</Process><Process ToolSource="C:\Program Files\ArcGIS\Desktop10.0\ArcToolbox\Toolboxes\Data Management Tools.tbx\CalculateField" Date="20120810" Time="123411">CalculateField FPDParcels_03092012 name "Wentworth Prairie" VB #</Process><Process ToolSource="c:\program files (x86)\arcgis\desktop10.0\ArcToolbox\Toolboxes\Data Management Tools.tbx\Merge" Date="20121015" Time="170858">Merge FPDParcels_03092012;OrlandSouthand158 Y:\GIS_Data\Shapefiles\FPD_Bnds\FPDParcels_10152012.shp "OBJECTID "OBJECTID" true true false 9 Long 0 9 ,First,#,FPDParcels_03092012,OBJECTID,-1,-1;PIN14 "PIN14" true true false 14 Text 0 0 ,First,#,FPDParcels_03092012,PIN14,-1,-1;PIN10 "PIN10" true true false 10 Text 0 0 ,First,#,FPDParcels_03092012,PIN10,-1,-1;SHAPE__Are "SHAPE__Are" true true false 19 Double 0 0 ,First,#,FPDParcels_03092012,SHAPE__Are,-1,-1;SHAPE__Len "SHAPE__Len" true true false 19 Double 0 0 ,First,#,FPDParcels_03092012,SHAPE__Len,-1,-1;PIN14_1 "PIN14_1" true true false 14 Text 0 0 ,First,#,FPDParcels_03092012,PIN14_1,-1,-1;PIN10_1 "PIN10_1" true true false 10 Text 0 0 ,First,#,FPDParcels_03092012,PIN10_1,-1,-1;TAXPAYER_N "TAXPAYER_N" true true false 50 Text 0 0 ,First,#,FPDParcels_03092012,TAXPAYER_N,-1,-1;EXEMPTION_ "EXEMPTION_" true true false 9 Long 0 9 ,First,#,FPDParcels_03092012,EXEMPTION_,-1,-1;STREET_DIR "STREET_DIR" true true false 2 Text 0 0 ,First,#,FPDParcels_03092012,STREET_DIR,-1,-1;STREET_NAM "STREET_NAM" true true false 30 Text 0 0 ,First,#,FPDParcels_03092012,STREET_NAM,-1,-1;STREET_SUF "STREET_SUF" true true false 4 Text 0 0 ,First,#,FPDParcels_03092012,STREET_SUF,-1,-1;CITY_NAME "CITY_NAME" true true false 30 Text 0 0 ,First,#,FPDParcels_03092012,CITY_NAME,-1,-1;OID_ "OID_" true true false 9 Long 0 9 ,First,#,FPDParcels_03092012,OID_,-1,-1;CONTROL "CONTROL" true true false 19 Double 0 0 ,First,#,FPDParcels_03092012,CONTROL,-1,-1;SUBCON "SUBCON" true true false 2 Text 0 0 ,First,#,FPDParcels_03092012,SUBCON,-1,-1;GRANTOR "GRANTOR" true true false 35 Text 0 0 ,First,#,FPDParcels_03092012,GRANTOR,-1,-1;FIELD1 "FIELD1" true true false 50 Text 0 0 ,First,#,FPDParcels_03092012,FIELD1,-1,-1;PIN "PIN" true true false 13 Text 0 0 ,First,#,FPDParcels_03092012,PIN,-1,-1,OrlandSouthand158,PIN,-1,-1;CKLTRNO "CKLTRNO" true true false 4 Text 0 0 ,First,#,FPDParcels_03092012,CKLTRNO,-1,-1;DTCKLTR "DTCKLTR" true true false 8 Date 0 0 ,First,#,FPDParcels_03092012,DTCKLTR,-1,-1;CLOSLTRNO "CLOSLTRNO" true true false 4 Text 0 0 ,First,#,FPDParcels_03092012,CLOSLTRNO,-1,-1;DTCLLTR "DTCLLTR" true true false 8 Date 0 0 ,First,#,FPDParcels_03092012,DTCLLTR,-1,-1;DTCONPET "DTCONPET" true true false 8 Date 0 0 ,First,#,FPDParcels_03092012,DTCONPET,-1,-1;PROCEDBKYR "PROCEDBKYR" true true false 4 Text 0 0 ,First,#,FPDParcels_03092012,PROCEDBKYR,-1,-1;PROCEDBKPG "PROCEDBKPG" true true false 4 Text 0 0 ,First,#,FPDParcels_03092012,PROCEDBKPG,-1,-1;DEEDBKNO "DEEDBKNO" true true false 4 Text 0 0 ,First,#,FPDParcels_03092012,DEEDBKNO,-1,-1;DEEDBKPG "DEEDBKPG" true true false 7 Text 0 0 ,First,#,FPDParcels_03092012,DEEDBKPG,-1,-1;LEGFILNO "LEGFILNO" true true false 7 Text 0 0 ,First,#,FPDParcels_03092012,LEGFILNO,-1,-1;SURVEYNO "SURVEYNO" true true false 20 Text 0 0 ,First,#,FPDParcels_03092012,SURVEYNO,-1,-1;PLATNO "PLATNO" true true false 20 Text 0 0 ,First,#,FPDParcels_03092012,PLATNO,-1,-1;TRACTNAME "TRACTNAME" true true false 20 Text 0 0 ,First,#,FPDParcels_03092012,TRACTNAME,-1,-1;REMARKSA "REMARKSA" true true false 10 Text 0 0 ,First,#,FPDParcels_03092012,REMARKSA,-1,-1;ACRE "ACRE" true true false 19 Double 0 0 ,First,#,FPDParcels_03092012,ACRE,-1,-1;CREBNO "CREBNO" true true false 10 Text 0 0 ,First,#,FPDParcels_03092012,CREBNO,-1,-1;APPCSTACRE "APPCSTACRE" true true false 10 Text 0 0 ,First,#,FPDParcels_03092012,APPCSTACRE,-1,-1;IMPRVAPP "IMPRVAPP" true true false 10 Text 0 0 ,First,#,FPDParcels_03092012,IMPRVAPP,-1,-1;OTHERAPPRS "OTHERAPPRS" true true false 20 Text 0 0 ,First,#,FPDParcels_03092012,OTHERAPPRS,-1,-1;CREBFILNO "CREBFILNO" true true false 10 Text 0 0 ,First,#,FPDParcels_03092012,CREBFILNO,-1,-1;REMARKSB "REMARKSB" true true false 10 Text 0 0 ,First,#,FPDParcels_03092012,REMARKSB,-1,-1;ACREAGE "ACREAGE" true true false 19 Double 0 0 ,First,#,FPDParcels_03092012,ACREAGE,-1,-1;COST "COST" true true false 19 Double 0 0 ,First,#,FPDParcels_03092012,COST,-1,-1;COSTACRE "COSTACRE" true true false 19 Double 0 0 ,First,#,FPDParcels_03092012,COSTACRE,-1,-1;ACQBYNEG "ACQBYNEG" true true false 4 Short 0 4 ,First,#,FPDParcels_03092012,ACQBYNEG,-1,-1;ACQBYCON "ACQBYCON" true true false 4 Short 0 4 ,First,#,FPDParcels_03092012,ACQBYCON,-1,-1;CONDEMNO "CONDEMNO" true true false 10 Text 0 0 ,First,#,FPDParcels_03092012,CONDEMNO,-1,-1;DTJMORD "DTJMORD" true true false 8 Date 0 0 ,First,#,FPDParcels_03092012,DTJMORD,-1,-1;PARTFPDFED "PARTFPDFED" true true false 5 Text 0 0 ,First,#,FPDParcels_03092012,PARTFPDFED,-1,-1;REMARKSC "REMARKSC" true true false 10 Text 0 0 ,First,#,FPDParcels_03092012,REMARKSC,-1,-1;GUARPOLNO "GUARPOLNO" true true false 7 Text 0 0 ,First,#,FPDParcels_03092012,GUARPOLNO,-1,-1;TORRCERTNO "TORRCERTNO" true true false 7 Text 0 0 ,First,#,FPDParcels_03092012,TORRCERTNO,-1,-1;TYPEDOC "TYPEDOC" true true false 4 Text 0 0 ,First,#,FPDParcels_03092012,TYPEDOC,-1,-1;DATEDOC "DATEDOC" true true false 8 Date 0 0 ,First,#,FPDParcels_03092012,DATEDOC,-1,-1;DOCNO "DOCNO" true true false 8 Text 0 0 ,First,#,FPDParcels_03092012,DOCNO,-1,-1;BOOKNO "BOOKNO" true true false 6 Text 0 0 ,First,#,FPDParcels_03092012,BOOKNO,-1,-1;PAGENO "PAGENO" true true false 4 Text 0 0 ,First,#,FPDParcels_03092012,PAGENO,-1,-1;DATEREC "DATEREC" true true false 8 Date 0 0 ,First,#,FPDParcels_03092012,DATEREC,-1,-1;REMARKSD "REMARKSD" true true false 10 Text 0 0 ,First,#,FPDParcels_03092012,REMARKSD,-1,-1;VOLNO "VOLNO" true true false 4 Text 0 0 ,First,#,FPDParcels_03092012,VOLNO,-1,-1;ITEMNO "ITEMNO" true true false 8 Text 0 0 ,First,#,FPDParcels_03092012,ITEMNO,-1,-1;YRTAXCLM "YRTAXCLM" true true false 4 Text 0 0 ,First,#,FPDParcels_03092012,YRTAXCLM,-1,-1;AMTAXCLM "AMTAXCLM" true true false 7 Text 0 0 ,First,#,FPDParcels_03092012,AMTAXCLM,-1,-1;DTINJUNFIL "DTINJUNFIL" true true false 12 Text 0 0 ,First,#,FPDParcels_03092012,DTINJUNFIL,-1,-1;DTINJUNACT "DTINJUNACT" true true false 8 Date 0 0 ,First,#,FPDParcels_03092012,DTINJUNACT,-1,-1;DTEXEMP "DTEXEMP" true true false 12 Text 0 0 ,First,#,FPDParcels_03092012,DTEXEMP,-1,-1;REMARKSE "REMARKSE" true true false 10 Text 0 0 ,First,#,FPDParcels_03092012,REMARKSE,-1,-1;Shape_Leng "Shape_Leng" true true false 19 Double 0 0 ,First,#,FPDParcels_03092012,Shape_Leng,-1,-1;Shape_Area "Shape_Area" true true false 19 Double 0 0 ,First,#,FPDParcels_03092012,Shape_Area,-1,-1;Status "Status" true true false 50 Text 0 0 ,First,#,FPDParcels_03092012,Status,-1,-1;dissolve "dissolve" true true false 4 Short 0 4 ,First,#,FPDParcels_03092012,dissolve,-1,-1;name "name" true true false 50 Text 0 0 ,First,#,FPDParcels_03092012,name,-1,-1,OrlandSouthand158,name,-1,-1;Updated "Updated" true true false 8 Date 0 0 ,First,#,FPDParcels_03092012,Updated,-1,-1;FPD_AC "FPD_AC" true true false 19 Double 0 0 ,First,#,FPDParcels_03092012,FPD_AC,-1,-1;Acres "Acres" true true false 11 Double 2 10 ,First,#,OrlandSouthand158,Acres,-1,-1"</Process><Process ToolSource="C:\Program Files (x86)\ArcGIS\Desktop10.0\ArcToolbox\Toolboxes\Data Management Tools.tbx\Append" Date="20121120" Time="171600">Append 2011_parcels_Acquisitions FPDParcels_10152012working NO_TEST "OBJECTID "OBJECTID" true false false 9 Long 0 9 ,First,#;PIN14 "PIN14" true false false 14 Text 0 0 ,First,#,Y:\GIS_Data\Shapefiles\FPD_Bnds\Acquisitions\2012\2011_parcels_Acquisitions.shp,PIN14,-1,-1;PIN10 "PIN10" true false false 10 Text 0 0 ,First,#,Y:\GIS_Data\Shapefiles\FPD_Bnds\Acquisitions\2012\2011_parcels_Acquisitions.shp,PIN10,-1,-1;SHAPE__Are "SHAPE__Are" true false false 19 Double 0 0 ,First,#;SHAPE__Len "SHAPE__Len" true false false 19 Double 0 0 ,First,#;PIN14_1 "PIN14_1" true false false 14 Text 0 0 ,First,#;PIN10_1 "PIN10_1" true false false 10 Text 0 0 ,First,#;TAXPAYER_N "TAXPAYER_N" true false false 50 Text 0 0 ,First,#;EXEMPTION_ "EXEMPTION_" true false false 9 Long 0 9 ,First,#;STREET_DIR "STREET_DIR" true false false 2 Text 0 0 ,First,#;STREET_NAM "STREET_NAM" true false false 30 Text 0 0 ,First,#;STREET_SUF "STREET_SUF" true false false 4 Text 0 0 ,First,#;CITY_NAME "CITY_NAME" true false false 30 Text 0 0 ,First,#;OID_ "OID_" true false false 9 Long 0 9 ,First,#;CONTROL "CONTROL" true false false 19 Double 0 0 ,First,#;SUBCON "SUBCON" true false false 2 Text 0 0 ,First,#;GRANTOR "GRANTOR" true false false 35 Text 0 0 ,First,#;FIELD1 "FIELD1" true false false 50 Text 0 0 ,First,#;PIN "PIN" true false false 13 Text 0 0 ,First,#;CKLTRNO "CKLTRNO" true false false 4 Text 0 0 ,First,#;DTCKLTR "DTCKLTR" true true false 8 Date 0 0 ,First,#;CLOSLTRNO "CLOSLTRNO" true false false 4 Text 0 0 ,First,#;DTCLLTR "DTCLLTR" true true false 8 Date 0 0 ,First,#;DTCONPET "DTCONPET" true true false 8 Date 0 0 ,First,#;PROCEDBKYR "PROCEDBKYR" true false false 4 Text 0 0 ,First,#;PROCEDBKPG "PROCEDBKPG" true false false 4 Text 0 0 ,First,#;DEEDBKNO "DEEDBKNO" true false false 4 Text 0 0 ,First,#;DEEDBKPG "DEEDBKPG" true false false 7 Text 0 0 ,First,#;LEGFILNO "LEGFILNO" true false false 7 Text 0 0 ,First,#;SURVEYNO "SURVEYNO" true false false 20 Text 0 0 ,First,#;PLATNO "PLATNO" true false false 20 Text 0 0 ,First,#;TRACTNAME "TRACTNAME" true false false 20 Text 0 0 ,First,#;REMARKSA "REMARKSA" true false false 10 Text 0 0 ,First,#;ACRE "ACRE" true false false 19 Double 0 0 ,First,#;CREBNO "CREBNO" true false false 10 Text 0 0 ,First,#;APPCSTACRE "APPCSTACRE" true false false 10 Text 0 0 ,First,#;IMPRVAPP "IMPRVAPP" true false false 10 Text 0 0 ,First,#;OTHERAPPRS "OTHERAPPRS" true false false 20 Text 0 0 ,First,#;CREBFILNO "CREBFILNO" true false false 10 Text 0 0 ,First,#;REMARKSB "REMARKSB" true false false 10 Text 0 0 ,First,#;ACREAGE "ACREAGE" true false false 19 Double 0 0 ,First,#;COST "COST" true false false 19 Double 0 0 ,First,#;COSTACRE "COSTACRE" true false false 19 Double 0 0 ,First,#;ACQBYNEG "ACQBYNEG" true false false 4 Short 0 4 ,First,#;ACQBYCON "ACQBYCON" true false false 4 Short 0 4 ,First,#;CONDEMNO "CONDEMNO" true false false 10 Text 0 0 ,First,#;DTJMORD "DTJMORD" true true false 8 Date 0 0 ,First,#;PARTFPDFED "PARTFPDFED" true false false 5 Text 0 0 ,First,#;REMARKSC "REMARKSC" true false false 10 Text 0 0 ,First,#;GUARPOLNO "GUARPOLNO" true false false 7 Text 0 0 ,First,#;TORRCERTNO "TORRCERTNO" true false false 7 Text 0 0 ,First,#;TYPEDOC "TYPEDOC" true false false 4 Text 0 0 ,First,#;DATEDOC "DATEDOC" true true false 8 Date 0 0 ,First,#;DOCNO "DOCNO" true false false 8 Text 0 0 ,First,#;BOOKNO "BOOKNO" true false false 6 Text 0 0 ,First,#;PAGENO "PAGENO" true false false 4 Text 0 0 ,First,#;DATEREC "DATEREC" true true false 8 Date 0 0 ,First,#;REMARKSD "REMARKSD" true false false 10 Text 0 0 ,First,#;VOLNO "VOLNO" true false false 4 Text 0 0 ,First,#;ITEMNO "ITEMNO" true false false 8 Text 0 0 ,First,#;YRTAXCLM "YRTAXCLM" true false false 4 Text 0 0 ,First,#;AMTAXCLM "AMTAXCLM" true false false 7 Text 0 0 ,First,#;DTINJUNFIL "DTINJUNFIL" true false false 12 Text 0 0 ,First,#;DTINJUNACT "DTINJUNACT" true true false 8 Date 0 0 ,First,#;DTEXEMP "DTEXEMP" true false false 12 Text 0 0 ,First,#;REMARKSE "REMARKSE" true false false 10 Text 0 0 ,First,#;Shape_Leng "Shape_Leng" true false false 19 Double 0 0 ,First,#;Shape_Area "Shape_Area" true false false 19 Double 0 0 ,First,#,Y:\GIS_Data\Shapefiles\FPD_Bnds\Acquisitions\2012\2011_parcels_Acquisitions.shp,SHAPE_area,-1,-1;Status "Status" true false false 50 Text 0 0 ,First,#;dissolve "dissolve" true false false 4 Short 0 4 ,First,#;name "name" true false false 50 Text 0 0 ,First,#;Updated "Updated" true true false 8 Date 0 0 ,First,#;FPD_AC "FPD_AC" true false false 19 Double 0 0 ,First,#;Acres "Acres" true false false 11 Double 2 10 ,First,#" #</Process><Process ToolSource="C:\Program Files (x86)\ArcGIS\Desktop10.0\ArcToolbox\Toolboxes\Data Management Tools.tbx\CalculateField" Date="20121121" Time="114547">CalculateField FPDParcels_10152012working Updated 11/20/2012 VB #</Process><Process ToolSource="C:\Program Files (x86)\ArcGIS\Desktop10.0\ArcToolbox\Toolboxes\Data Management Tools.tbx\CalculateField" Date="20121121" Time="114637">CalculateField FPDParcels_10152012working Updated "11/20/2012" VB #</Process><Process ToolSource="C:\Program Files (x86)\ArcGIS\Desktop10.0\ArcToolbox\Toolboxes\Data Management Tools.tbx\CopyFeatures" Date="20130111" Time="111537">CopyFeatures Polygons\FPDParcels11292012 Y:\Projects\2012\12-12_GIS_Requests\82-Final_DataSets\GroveMaps\Grove_Maps.mdb\Polygons\FPDParcels11292012 # 0 0 0</Process><Process ToolSource="C:\Program Files (x86)\ArcGIS\Desktop10.0\ArcToolbox\Toolboxes\Data Management Tools.tbx\CopyFeatures" Date="20130225" Time="133353">CopyFeatures C:\Users\wingente\Desktop\Grove_Maps\Grove_Maps.mdb\Polygons\FPDParcels11292012 "Database Connections\planim_gis.sde\planim.GIS.FPDCC\planim.GIS.FPDParcels11292012" # 0 0 0</Process><Process Name="Add Field" ToolSource="c:\program files (x86)\arcgis\desktop10.1\ArcToolbox\Toolboxes\Data Management Tools.tbx\AddField" Date="20130822" Time="081259">AddField "Database Connections\planim - GIS User.sde\planim.GIS.FPDCC\planim.GIS.Holding" Editor TEXT # # 3 # NULLABLE NON_REQUIRED Editor_FPDCC</Process><Process Name="Add Field" ToolSource="c:\program files (x86)\arcgis\desktop10.1\ArcToolbox\Toolboxes\Data Management Tools.tbx\AddField" Date="20130822" Time="081513">AddField "Database Connections\planim - GIS User.sde\planim.GIS.FPDCC\planim.GIS.Holding" Edtdate DATE # # # # NULLABLE NON_REQUIRED #</Process><Process Name="Add Field" ToolSource="c:\program files (x86)\arcgis\desktop10.1\ArcToolbox\Toolboxes\Data Management Tools.tbx\AddField" Date="20130822" Time="081656">AddField "Database Connections\planim - GIS User.sde\planim.GIS.FPDCC\planim.GIS.Holding" EdtComnt TEXT # # 256 # NULLABLE NON_REQUIRED #</Process><Process Name="Add Field" ToolSource="c:\program files (x86)\arcgis\desktop10.1\ArcToolbox\Toolboxes\Data Management Tools.tbx\AddField" Date="20130822" Time="081812">AddField "Database Connections\planim - GIS User.sde\planim.GIS.FPDCC\planim.GIS.Holding" Zone TEXT # # 10 # NULLABLE NON_REQUIRED #</Process><Process ToolSource="C:\Program Files (x86)\ArcGIS\Desktop10.0\ArcToolbox\Toolboxes\Data Management Tools.tbx\CalculateField" Date="20140403" Time="142954">CalculateField planim.GIS.Holding dissolve 0 VB #</Process><Process ToolSource="c:\program files (x86)\arcgis\desktop10.1\ArcToolbox\Toolboxes\Data Management Tools.tbx\CalculateField" Date="20141016" Time="105624">CalculateField planim.GIS.Holding name "Horizon Farms" VB #</Process><Process ToolSource="c:\program files (x86)\arcgis\desktop10.1\ArcToolbox\Toolboxes\Data Management Tools.tbx\CalculateField" Date="20141016" Time="105938">CalculateField planim.GIS.Holding name "Lyons B" VB #</Process><Process ToolSource="c:\program files (x86)\arcgis\desktop10.1\ArcToolbox\Toolboxes\Data Management Tools.tbx\CalculateField" Date="20150312" Time="141325">CalculateField planim.GIS.Holding name "Horizon Farms" VB #</Process><Process ToolSource="c:\program files (x86)\arcgis\desktop10.1\ArcToolbox\Toolboxes\Data Management Tools.tbx\CalculateField" Date="20150312" Time="141533">CalculateField planim.GIS.Holding name "Horizon Farms - Parcel 1" VB #</Process><Process ToolSource="c:\program files (x86)\arcgis\desktop10.1\ArcToolbox\Toolboxes\Data Management Tools.tbx\CalculateField" Date="20150312" Time="141559">CalculateField planim.GIS.Holding name "Horizon Farms - Parcel 1 &amp; 2" VB #</Process><Process ToolSource="c:\program files (x86)\arcgis\desktop10.1\ArcToolbox\Toolboxes\Data Management Tools.tbx\CalculateField" Date="20150312" Time="141616">CalculateField planim.GIS.Holding name "Horizon Farms - Parcel 3" VB #</Process><Process ToolSource="c:\program files (x86)\arcgis\desktop10.1\ArcToolbox\Toolboxes\Data Management Tools.tbx\CalculateField" Date="20150312" Time="141652">CalculateField planim.GIS.Holding name "Horizon Farms - Parcel 3 &amp; 4" VB #</Process><Process ToolSource="c:\program files (x86)\arcgis\desktop10.1\ArcToolbox\Toolboxes\Data Management Tools.tbx\CalculateField" Date="20150312" Time="141721">CalculateField planim.GIS.Holding Updated 3/12/2015 VB #</Process><Process ToolSource="c:\program files (x86)\arcgis\desktop10.1\ArcToolbox\Toolboxes\Data Management Tools.tbx\CalculateField" Date="20150312" Time="142740">CalculateField planim.GIS.Holding TRACTNAME "Horizon Farms" VB #</Process><Process ToolSource="c:\program files (x86)\arcgis\desktop10.1\ArcToolbox\Toolboxes\Data Management Tools.tbx\CalculateField" Date="20150312" Time="143319">CalculateField planim.GIS.Holding GRANTOR "Intercounty Judicial Sales Corp." VB #</Process><Process ToolSource="c:\program files (x86)\arcgis\desktop10.1\ArcToolbox\Toolboxes\Data Management Tools.tbx\CalculateField" Date="20150312" Time="143455">CalculateField planim.GIS.Holding FIELD1 [PIN10] VB #</Process><Process ToolSource="c:\program files (x86)\arcgis\desktop10.1\ArcToolbox\Toolboxes\Data Management Tools.tbx\Dissolve" Date="20150403" Time="103502">Dissolve planim.GIS.Holding W:\FPDCC_Git\Holdings_4032015.shp FPD_AC # MULTI_PART DISSOLVE_LINES</Process><Process ToolSource="c:\program files (x86)\arcgis\desktop10.1\ArcToolbox\Toolboxes\Data Management Tools.tbx\Dissolve" Date="20150403" Time="104037">Dissolve Holdings_4032015 W:\FPDCC_Git\FPDCC_Property.shp # "FPD_AC SUM" MULTI_PART DISSOLVE_LINES</Process></lineage><itemProps><itemName Sync="TRUE">FPDCC_Property</itemName><imsContentType Sync="TRUE">002</imsContentType><itemSize Sync="TRUE">0.000</itemSize><itemLocation><linkage Sync="TRUE">file://\\10.128.191.224\share\GIS P&amp;D Data\FPDCC_Git\FPDCC_Property.shp</linkage><protocol Sync="TRUE">Local Area Network</protocol></itemLocation></itemProps><coordRef><type Sync="TRUE">Projected</type><geogcsn Sync="TRUE">GCS_North_American_1983</geogcsn><csUnits Sync="TRUE">Linear Unit: Foot_US (0.304801)</csUnits><projcsn Sync="TRUE">NAD_1983_StatePlane_Illinois_East_FIPS_1201_Feet</projcsn><peXml Sync="TRUE">&lt;ProjectedCoordinateSystem xsi:type='typens:ProjectedCoordinateSystem' xmlns:xsi='http://www.w3.org/2001/XMLSchema-instance' xmlns:xs='http://www.w3.org/2001/XMLSchema' xmlns:typens='http://www.esri.com/schemas/ArcGIS/10.1'&gt;&lt;WKT&gt;PROJCS[&amp;quot;NAD_1983_StatePlane_Illinois_East_FIPS_1201_Feet&amp;quot;,GEOGCS[&amp;quot;GCS_North_American_1983&amp;quot;,DATUM[&amp;quot;D_North_American_1983&amp;quot;,SPHEROID[&amp;quot;GRS_1980&amp;quot;,6378137.0,298.257222101]],PRIMEM[&amp;quot;Greenwich&amp;quot;,0.0],UNIT[&amp;quot;Degree&amp;quot;,0.0174532925199433]],PROJECTION[&amp;quot;Transverse_Mercator&amp;quot;],PARAMETER[&amp;quot;False_Easting&amp;quot;,984250.0],PARAMETER[&amp;quot;False_Northing&amp;quot;,0.0],PARAMETER[&amp;quot;Central_Meridian&amp;quot;,-88.33333333333333],PARAMETER[&amp;quot;Scale_Factor&amp;quot;,0.999975],PARAMETER[&amp;quot;Latitude_Of_Origin&amp;quot;,36.66666666666666],UNIT[&amp;quot;Foot_US&amp;quot;,0.3048006096012192],AUTHORITY[&amp;quot;EPSG&amp;quot;,3435]]&lt;/WKT&gt;&lt;XOrigin&gt;-17463800&lt;/XOrigin&gt;&lt;YOrigin&gt;-46132600&lt;/YOrigin&gt;&lt;XYScale&gt;137244822.07846552&lt;/XYScale&gt;&lt;ZOrigin&gt;-100000&lt;/ZOrigin&gt;&lt;ZScale&gt;10000&lt;/ZScale&gt;&lt;MOrigin&gt;-100000&lt;/MOrigin&gt;&lt;MScale&gt;10000&lt;/MScale&gt;&lt;XYTolerance&gt;0.0032808333333333331&lt;/XYTolerance&gt;&lt;ZTolerance&gt;0.001&lt;/ZTolerance&gt;&lt;MTolerance&gt;0.001&lt;/MTolerance&gt;&lt;HighPrecision&gt;true&lt;/HighPrecision&gt;&lt;WKID&gt;102671&lt;/WKID&gt;&lt;LatestWKID&gt;3435&lt;/LatestWKID&gt;&lt;/ProjectedCoordinateSystem&gt;</peXml></coordRef><copyHistory><copy source="Y:\GIS_Data\Shapefiles\FPD_Bnds\PastVersions\DO NOT USE\FPDParcels2012" dest="\\10.128.191.100\gis\GIS_Data\Shapefiles\FPD_Bnds\FPDParcels2012" date="20121129" time="16272700"></copy></copyHistory></DataProperties></Esri><idinfo><native Sync="TRUE">Microsoft Windows XP Version 5.1 (Build 2600) Service Pack 3; ESRI ArcCatalog 9.3.1.3500</native><descript><langdata Sync="TRUE">en</langdata><abstract>This Feature dataset is an Update of Cook County Forest Preserve District Parcels.  Updated as of  07/07/2010</abstract><purpose>The Purpose of this Feature Dataset is to keep an annually updated record of Forest Preserve parcels for the purpose of geographic analysis.</purpose></descript><citation><citeinfo><origin>REQUIRED: The name of an organization or individual that developed the data set.</origin><pubdate>REQUIRED: The date when the data set is published or otherwise made available for release.</pubdate><title Sync="TRUE">FPDCCParcels_07072010</title><ftname Sync="TRUE">FPDCCParcels_07072010</ftname><geoform Sync="TRUE">vector digital data</geoform><onlink Sync="TRUE">\\PLANDEVSERVER\GIS\GIS_Data\Shapefiles\FPD_Bnds\FPDParcels_02172012Copy</onlink></citeinfo></citation><timeperd><current>publication date</current><timeinfo><sngdate><caldate>20100707</caldate><time>unknown</time></sngdate></timeinfo></timeperd><status><progress>Complete</progress><update>Annually</update></status><spdom><bounding><westbc Sync="TRUE">-88.263880</westbc><eastbc Sync="TRUE">-87.516926</eastbc><northbc Sync="TRUE">42.154318</northbc><southbc Sync="TRUE">41.468745</southbc></bounding><lboundng><leftbc Sync="TRUE">1003283.612019</leftbc><rightbc Sync="TRUE">1205633.622016</rightbc><bottombc Sync="TRUE">1750040.968122</bottombc><topbc Sync="TRUE">1998832.630971</topbc></lboundng></spdom><keywords><theme><themekt>Plots</themekt><themekey>Parcel</themekey></theme><place><placekey>Cook County Illinois</placekey></place></keywords><accconst>Subject of FPDCC County Data Sharing policies.  Data use must cite credit for the work, and a disclaimier that map is subject to review and updates.  Data may not be manipulated or modified without consent of FPDCC.  Data is subject to interpretation caveats of the FPDCC, and for this reason it should not be interpreted to the public without the knowledge and approval of the FPDCC Planning &amp; Development section who created said shape file.
</accconst><useconst>Subject of FPDCC County Data Sharing policies.  Data use must cite credit for the work, and a disclaimier that map is subject to review and updates.  Data may not be manipulated or modified without consent of FPDCC.  Data is subject to interpretation caveats of the FPDCC, and for this reason it should not be interpreted to the public without the knowledge and approval of the FPDCC Planning &amp; Development section who created said shape file.   May not be published without consent of FPDCC
</useconst><natvform Sync="TRUE">Shapefile</natvform><ptcontac><cntinfo><cntperp><cntper>Garret Wais</cntper><cntorg>Forest Preserve District of Cook County</cntorg></cntperp><cntpos>GIS Specialist</cntpos><cntvoice>708-771-1042</cntvoice><cntemail>gwais@cookcountygov.com</cntemail><hours>M-F 8:30a - 4:30p</hours></cntinfo></ptcontac><crossref><citeinfo><title>Forest Preserve District of Cook County Parcels</title></citeinfo></crossref><datacred>This update was created by Garret Wais GIS Specialist for the Cook County Forest Preserve District.</datacred><secinfo><secclass>Unclassified</secclass></secinfo></idinfo><dataIdInfo><envirDesc Sync="TRUE">Microsoft Windows 7 Version 6.1 (Build 7601) Service Pack 1; Esri ArcGIS 10.1.0.3035</envirDesc><dataLang><languageCode Sync="TRUE" value="eng" country="USA"></languageCode><countryCode value="USA" Sync="TRUE"></countryCode></dataLang><idCitation><resTitle Sync="TRUE">FPDCC_Property</resTitle><presForm><PresFormCd Sync="TRUE" value="005"></PresFormCd></presForm></idCitation><spatRpType><SpatRepTypCd Sync="TRUE" value="001"></SpatRepTypCd></spatRpType><dataExt><geoEle><GeoBndBox esriExtentType="native"><westBL Sync="TRUE">1003283.612019</westBL><eastBL Sync="TRUE">1205633.622016</eastBL><northBL Sync="TRUE">1998832.630971</northBL><southBL Sync="TRUE">1750040.968122</southBL><exTypeCode Sync="TRUE">1</exTypeCode></GeoBndBox></geoEle></dataExt><geoBox esriExtentType="decdegrees"><westBL Sync="TRUE">-88.26388</westBL><eastBL Sync="TRUE">-87.516926</eastBL><northBL Sync="TRUE">42.154318</northBL><southBL Sync="TRUE">41.468745</southBL><exTypeCode Sync="TRUE">1</exTypeCode></geoBox><descKeys><thesaName uuidref="723f6998-058e-11dc-8314-0800200c9a66"></thesaName><keyword Sync="TRUE">002</keyword></descKeys></dataIdInfo><metainfo><langmeta Sync="TRUE">en</langmeta><metstdn Sync="TRUE">FGDC Content Standards for Digital Geospatial Metadata</metstdn><metstdv Sync="TRUE">FGDC-STD-001-1998</metstdv><mettc Sync="TRUE">local time</mettc><metc><cntinfo><cntaddr><addrtype>REQUIRED: The mailing and/or physical address for the organization or individual.</addrtype><city>REQUIRED: The city of the address.</city><state>REQUIRED: The state or province of the address.</state><postal>REQUIRED: The ZIP or other postal code of the address.</postal></cntaddr><cntvoice>708-771-1042</cntvoice><cntperp><cntper>Garret Wais</cntper><cntorg>Forest Preserve District of Cook County</cntorg></cntperp><cntpos>GIS Specialist</cntpos><cntemail>gwais@cookcountygov.com</cntemail><hours>M - F, 8:30a - 4:30p</hours></cntinfo></metc><metd Sync="TRUE">20100722</metd><metsi><metsc>Unclassified</metsc></metsi></metainfo><mdLang><languageCode Sync="TRUE" value="eng"></languageCode><countryCode value="USA" Sync="TRUE"></countryCode></mdLang><mdStanName Sync="TRUE">ISO 19115 Geographic Information - Metadata</mdStanName><mdStanVer Sync="TRUE">DIS_ESRI1.0</mdStanVer><mdChar><CharSetCd Sync="TRUE" value="004"></CharSetCd></mdChar><mdHrLv><ScopeCd Sync="TRUE" value="005"></ScopeCd></mdHrLv><mdHrLvName Sync="TRUE">dataset</mdHrLvName><distinfo><resdesc Sync="TRUE">Downloadable Data</resdesc><stdorder><digform><digtinfo><transize Sync="TRUE">2.797</transize><dssize Sync="TRUE">2.797</dssize></digtinfo></digform></stdorder></distinfo><distInfo><distributor><distorTran><onLineSrc><orDesc Sync="TRUE">002</orDesc><linkage Sync="TRUE">file://\\PLANDEVSERVER\GIS\GIS_Data\Shapefiles\FPD_Bnds\FPDParcels_02172012Copy</linkage><protocol Sync="TRUE">Local Area Network</protocol></onLineSrc><transSize Sync="TRUE">2.797</transSize></distorTran><distorFormat><formatName Sync="TRUE">Shapefile</formatName></distorFormat></distributor><distFormat><formatName Sync="TRUE">Shapefile</formatName></distFormat><distTranOps><transSize Sync="TRUE">0.000</transSize></distTranOps></distInfo><spdoinfo><direct Sync="TRUE">Vector</direct><ptvctinf><esriterm Name="FPDCC_Property"><efeatyp Sync="TRUE">Simple</efeatyp><efeageom code="4" Sync="TRUE"></efeageom><esritopo Sync="TRUE">FALSE</esritopo><efeacnt Sync="TRUE">0</efeacnt><spindex Sync="TRUE">FALSE</spindex><linrefer Sync="TRUE">FALSE</linrefer></esriterm></ptvctinf></spdoinfo><spref><horizsys><cordsysn><geogcsn Sync="TRUE">GCS_North_American_1983</geogcsn><projcsn Sync="TRUE">NAD_1983_StatePlane_Illinois_East_FIPS_1201_Feet</projcsn></cordsysn><planar><planci><plance Sync="TRUE">coordinate pair</plance><plandu Sync="TRUE">survey feet</plandu><coordrep><absres Sync="TRUE">0.000000</absres><ordres Sync="TRUE">0.000000</ordres></coordrep></planci></planar><geodetic><horizdn Sync="TRUE">North American Datum of 1983</horizdn><ellips Sync="TRUE">Geodetic Reference System 80</ellips><semiaxis Sync="TRUE">6378137.000000</semiaxis><denflat Sync="TRUE">298.257222</denflat></geodetic></horizsys></spref><refSysInfo><RefSystem><refSysID><identCode Sync="TRUE" value="3435" code="3435">NAD_1983_StatePlane_Illinois_East_FIPS_1201_Feet</identCode><idCodeSpace Sync="TRUE">EPSG</idCodeSpace><idVersion Sync="TRUE">7.9.4</idVersion></refSysID></RefSystem></refSysInfo><spatRepInfo><VectSpatRep><geometObjs Name="FPDCC_Property"><geoObjTyp><GeoObjTypCd value="002" Sync="TRUE"></GeoObjTypCd></geoObjTyp><geoObjCnt Sync="TRUE">0</geoObjCnt></geometObjs><topLvl><TopoLevCd value="001" Sync="TRUE"></TopoLevCd></topLvl></VectSpatRep></spatRepInfo><eainfo><detailed Name="FPDCC_Property"><enttyp><enttypl Sync="TRUE">FPDCC_Property</enttypl><enttypt Sync="TRUE">Feature Class</enttypt><enttypc Sync="TRUE">0</enttypc><enttypd>Individual parcel boundaries</enttypd></enttyp><attr><attrlabl Sync="TRUE">FID</attrlabl><attalias Sync="TRUE">FID</attalias><attrtype Sync="TRUE">OID</attrtype><attwidth Sync="TRUE">4</attwidth><atprecis Sync="TRUE">0</atprecis><attscale Sync="TRUE">0</attscale><attrdef Sync="TRUE">Internal feature number.</attrdef><attrdefs Sync="TRUE">Esri</attrdefs><attrdomv><udom Sync="TRUE">Sequential unique whole numbers that are automatically generated.</udom></attrdomv></attr><attr><attrlabl Sync="TRUE">Shape</attrlabl><attalias Sync="TRUE">Shape</attalias><attrtype Sync="TRUE">Geometry</attrtype><attwidth Sync="TRUE">0</attwidth><atprecis Sync="TRUE">0</atprecis><attscale Sync="TRUE">0</attscale><attrdef Sync="TRUE">Feature geometry.</attrdef><attrdefs Sync="TRUE">ESRI</attrdefs><attrdomv><udom Sync="TRUE">Coordinates defining the features.</udom></attrdomv></attr><attr><attrlabl Sync="TRUE">SUM_FPD_AC</attrlabl><attalias Sync="TRUE">SUM_FPD_AC</attalias><attrtype Sync="TRUE">Double</attrtype><attwidth Sync="TRUE">19</attwidth><atprecis Sync="TRUE">0</atprecis><attscale Sync="TRUE">0</attscale></attr></detailed></eainfo><mdDateSt Sync="TRUE">20150403</mdDateSt><dataqual><logic>Topological integrity was tested with ArcCatalog for overlaps.</logic><complete>There is no minimum area for polygons.  the dataset was compiled using old data from previous years in conjunction with Plat maps, and the most current Cook County parcel layer for updates.</complete><lineage><procstep><procdesc>Via "Select by location" using an older Forest Preserve Parcels dataset and the Current County Parcel dataset.  the base shape file was created.  A complete list of parcel pins was provided by the Real Estate Office of the Forest Preserve District.  This parcel list was then joined to the Parcel shp file to see which parcels had not been included in the selection.  Once this list of missing parcels was obtained, plat maps were scanned and georeferenced then appropriate parcels were digitized.</procdesc></procstep><procstep><procdesc Sync="TRUE">Dataset copied.</procdesc><srcused Sync="TRUE">W:\2008\08-37_FPD_Parcel_Corrections\FPDCCParcels_7-24-2008</srcused><procdate Sync="TRUE">20080806</procdate><proctime Sync="TRUE">15332700</proctime></procstep><procstep><procdesc Sync="TRUE">Dataset copied.</procdesc><srcused Sync="TRUE"></srcused><procdate Sync="TRUE">20090213</procdate><proctime Sync="TRUE">12144000</proctime></procstep><procstep><procdesc Sync="TRUE">Dataset copied.</procdesc><srcused Sync="TRUE"></srcused><procdate Sync="TRUE">20090227</procdate><proctime Sync="TRUE">16032300</proctime></procstep><procstep><procdesc Sync="TRUE">Dataset copied.</procdesc><srcused Sync="TRUE"></srcused><procdate Sync="TRUE">20100108</procdate><proctime Sync="TRUE">09252700</proctime></procstep><procstep><procdesc Sync="TRUE">Dataset copied.</procdesc><srcused Sync="TRUE"></srcused><procdate Sync="TRUE">20100108</procdate><proctime Sync="TRUE">12302900</proctime></procstep><procstep><procdesc Sync="TRUE">Dataset copied.</procdesc><srcused Sync="TRUE"></srcused><procdate Sync="TRUE">20100701</procdate><proctime Sync="TRUE">11374700</proctime></procstep><procstep><procdesc Sync="TRUE">Dataset copied.</procdesc><srcused Sync="TRUE"></srcused><procdate Sync="TRUE">20101229</procdate><proctime Sync="TRUE">15405300</proctime></procstep><procstep><procdesc Sync="TRUE">Dataset copied.</procdesc><srcused Sync="TRUE"></srcused><procdate Sync="TRUE">20120217</procdate><proctime Sync="TRUE">10085000</proctime></procstep><procstep><procdesc Sync="TRUE">Dataset copied.</procdesc><srcused Sync="TRUE">G:\GIS_Data\Shapefiles\FPD_Bnds\FPDParcels_02172012</srcused><procdate Sync="TRUE">20120309</procdate><proctime Sync="TRUE">15321700</proctime></procstep></lineage></dataqual></metadata>
