<?xml version="1.0" encoding="UTF-8"?>
<metadata xml:lang="en"><Esri><CreaDate>20150402</CreaDate><CreaTime>14542500</CreaTime><SyncOnce>FALSE</SyncOnce><SyncDate>20130225</SyncDate><SyncTime>12554900</SyncTime><ModDate>20130225</ModDate><ModTime>12554900</ModTime><DataProperties><lineage><Process ToolSource="C:\Program Files\ArcGIS\ArcToolbox\Toolboxes\Data Management Tools.tbx\Merge" Date="20110922" Time="142315">Merge New_POIs;additional_Type1_pois Z:\PROJECTS\2011\11-26_MapRequests\BuildingMap\Facility_Data\New_POIs_Merge.shp "PT_TYPE 'PT_TYPE' true true false 30 Text 0 0 ,First,#,New_POIs,PT_TYPE,-1,-1,additional_Type1_pois,PT_TYPE,-1,-1;FROMFC 'FROMFC' true true false 50 Text 0 0 ,First,#,New_POIs,FROMFC,-1,-1,additional_Type1_pois,FROMFC,-1,-1;COMMENTS 'COMMENTS' true true false 50 Text 0 0 ,First,#,New_POIs,COMMENTS,-1,-1,additional_Type1_pois,COMMENTS,-1,-1;MAP_NO 'MAP_NO' true true false 5 Text 0 0 ,First,#,New_POIs,MAP_NO,-1,-1,additional_Type1_pois,MAP_NO,-1,-1;NAME 'NAME' true true false 30 Text 0 0 ,First,#,New_POIs,NAME,-1,-1,additional_Type1_pois,NAME,-1,-1;TYPE 'TYPE' true true false 4 Short 0 4 ,First,#,New_POIs,TYPE,-1,-1,additional_Type1_pois,TYPE,-1,-1;REGION 'REGION' true true false 10 Text 0 0 ,First,#,New_POIs,REGION,-1,-1,additional_Type1_pois,REGION,-1,-1;MAP_NO2 'MAP_NO2' true true false 5 Text 0 0 ,First,#,New_POIs,MAP_NO2,-1,-1,additional_Type1_pois,MAP_NO2,-1,-1;LabelName 'LabelName' true true false 50 Text 0 0 ,First,#,New_POIs,LabelName,-1,-1,additional_Type1_pois,LabelName,-1,-1;LABELTYPE 'LABELTYPE' true true false 2 Text 0 0 ,First,#,New_POIs,LABELTYPE,-1,-1,additional_Type1_pois,LABELTYPE,-1,-1;LARGEDOT 'LARGEDOT' true true false 5 Text 0 0 ,First,#,New_POIs,LARGEDOT,-1,-1,additional_Type1_pois,LARGEDOT,-1,-1;Uni_ID 'Uni_ID' true true false 9 Long 0 9 ,First,#,New_POIs,Uni_ID,-1,-1,additional_Type1_pois,Uni_ID,-1,-1;Type_B 'Type_B' true true false 50 Text 0 0 ,First,#,New_POIs,Type_B,-1,-1;addr 'addr' true true false 100 Text 0 0 ,First,#,New_POIs,addr,-1,-1;contact1 'contact1' true true false 50 Text 0 0 ,First,#,New_POIs,contact1,-1,-1;contact2 'contact2' true true false 50 Text 0 0 ,First,#,New_POIs,contact2,-1,-1;hours1 'hours1' true true false 100 Text 0 0 ,First,#,New_POIs,hours1,-1,-1;hours2 'hours2' true true false 100 Text 0 0 ,First,#,New_POIs,hours2,-1,-1;Desc1 'Desc1' true true false 254 Text 0 0 ,First,#,New_POIs,Desc1,-1,-1;SIGN_NAME 'SIGN_NAME' true true false 44 Text 0 0 ,First,#,New_POIs,SIGN_NAME,-1,-1;LARVE_CAP_ 'LARVE_CAP_' true true false 19 Double 0 19 ,First,#,New_POIs,LARVE_CAP_,-1,-1;GAS_POWERE 'GAS_POWERE' true true false 19 Double 0 19 ,First,#,New_POIs,GAS_POWERE,-1,-1;BOAT_RENTA 'BOAT_RENTA' true true false 19 Double 0 19 ,First,#,New_POIs,BOAT_RENTA,-1,-1;PICNIC_GRO 'PICNIC_GRO' true true false 19 Double 0 19 ,First,#,New_POIs,PICNIC_GRO,-1,-1;SHELTER 'SHELTER' true true false 19 Double 0 19 ,First,#,New_POIs,SHELTER,-1,-1;HIKING 'HIKING' true true false 19 Double 0 19 ,First,#,New_POIs,HIKING,-1,-1;CYCLING 'CYCLING' true true false 19 Double 0 19 ,First,#,New_POIs,CYCLING,-1,-1;IN_LINE_SK 'IN_LINE_SK' true true false 19 Double 0 19 ,First,#,New_POIs,IN_LINE_SK,-1,-1;CROSS_COUN 'CROSS_COUN' true true false 19 Double 0 19 ,First,#,New_POIs,CROSS_COUN,-1,-1;ECOLOGICAL 'ECOLOGICAL' true true false 19 Double 0 19 ,First,#,New_POIs,ECOLOGICAL,-1,-1;EQUESTRIAN 'EQUESTRIAN' true true false 19 Double 0 19 ,First,#,New_POIs,EQUESTRIAN,-1,-1;BIRDING 'BIRDING' true true false 19 Double 0 19 ,First,#,New_POIs,BIRDING,-1,-1;FISHING 'FISHING' true true false 19 Double 0 19 ,First,#,New_POIs,FISHING,-1,-1;CANOE 'CANOE' true true false 19 Double 0 19 ,First,#,New_POIs,CANOE,-1,-1;SNOWMOBILI 'SNOWMOBILI' true true false 19 Double 0 19 ,First,#,New_POIs,SNOWMOBILI,-1,-1;M_BOAT 'M_BOAT' true true false 19 Double 0 19 ,First,#,New_POIs,M_BOAT,-1,-1;M_AIRPLANE 'M_AIRPLANE' true true false 19 Double 0 19 ,First,#,New_POIs,M_AIRPLANE,-1,-1;CAMPING 'CAMPING' true true false 19 Double 0 19 ,First,#,New_POIs,CAMPING,-1,-1;DOG_FRIEND 'DOG_FRIEND' true true false 19 Double 0 19 ,First,#,New_POIs,DOG_FRIEND,-1,-1;SLEDDING 'SLEDDING' true true false 19 Double 0 19 ,First,#,New_POIs,SLEDDING,-1,-1;TOBOGGAN_A 'TOBOGGAN_A' true true false 19 Double 0 19 ,First,#,New_POIs,TOBOGGAN_A,-1,-1;BOAT_RAMP 'BOAT_RAMP' true true false 19 Double 0 19 ,First,#,New_POIs,BOAT_RAMP,-1,-1;NATURE_CEN 'NATURE_CEN' true true false 19 Double 0 19 ,First,#,New_POIs,NATURE_CEN,-1,-1;SWIMMING_P 'SWIMMING_P' true true false 19 Double 0 19 ,First,#,New_POIs,SWIMMING_P,-1,-1;GOLF 'GOLF' true true false 19 Double 0 19 ,First,#,New_POIs,GOLF,-1,-1;NO_ALCOHOL 'NO_ALCOHOL' true true false 19 Double 0 19 ,First,#,New_POIs,NO_ALCOHOL,-1,-1;NO_PARKING 'NO_PARKING' true true false 19 Double 0 19 ,First,#,New_POIs,NO_PARKING,-1,-1;Desc2 'Desc2' true true false 254 Text 0 0 ,First,#,New_POIs,Desc2,-1,-1;Id 'Id' true true false 9 Long 0 9 ,First,#,additional_Type1_pois,Id,-1,-1;Feature 'Feature' true true false 25 Text 0 0 ,First,#,additional_Type1_pois,Feature,-1,-1"</Process><Process ToolSource="C:\Program Files\ArcGIS\Desktop10.0\ArcToolbox\Toolboxes\Data Management Tools.tbx\CalculateField" Date="20120620" Time="130407">CalculateField New_POIs_Merge Type_B "headquarters" VB #</Process><Process ToolSource="C:\Program Files\ArcGIS\Desktop10.0\ArcToolbox\Toolboxes\Data Management Tools.tbx\CalculateField" Date="20120620" Time="130447">CalculateField New_POIs_Merge Type_B "Police" VB #</Process><Process ToolSource="c:\program files\arcgis\desktop10.0\ArcToolbox\Toolboxes\Data Management Tools.tbx\CopyFeatures" Date="20120621" Time="110448">CopyFeatures Z:\PROJECTS\2012\12-12_GIS_Requests\26-GroveMap_Signage\data\Symbol_Points\POI\Points_of_Interest.shp Z:\PROJECTS\2012\12-12_GIS_Requests\26-GroveMap_Signage\data\Grove_Maps.mdb\Points\Points_of_Interest # 0 0 0</Process><Process ToolSource="C:\Program Files (x86)\ArcGIS\Desktop10.0\ArcToolbox\Toolboxes\Data Management Tools.tbx\CalculateField" Date="20121127" Time="105709">CalculateField Points_of_Interest FPDzone "Northwest" VB #</Process><Process ToolSource="C:\Program Files (x86)\ArcGIS\Desktop10.0\ArcToolbox\Toolboxes\Data Management Tools.tbx\CalculateField" Date="20121127" Time="105742">CalculateField Points_of_Interest FPDzone "North" VB #</Process><Process ToolSource="C:\Program Files (x86)\ArcGIS\Desktop10.0\ArcToolbox\Toolboxes\Data Management Tools.tbx\CalculateField" Date="20121127" Time="105809">CalculateField Points_of_Interest FPDzone "Central" VB #</Process><Process ToolSource="C:\Program Files (x86)\ArcGIS\Desktop10.0\ArcToolbox\Toolboxes\Data Management Tools.tbx\CalculateField" Date="20121127" Time="105836">CalculateField Points_of_Interest FPDzone "Southwest" VB #</Process><Process ToolSource="C:\Program Files (x86)\ArcGIS\Desktop10.0\ArcToolbox\Toolboxes\Data Management Tools.tbx\CalculateField" Date="20121127" Time="105857">CalculateField Points_of_Interest FPDzone "South" VB #</Process><Process ToolSource="C:\Program Files (x86)\ArcGIS\Desktop10.0\ArcToolbox\Toolboxes\Data Management Tools.tbx\CalculateField" Date="20121127" Time="112956">CalculateField Points_of_Interest commdist 17 VB #</Process><Process ToolSource="C:\Program Files (x86)\ArcGIS\Desktop10.0\ArcToolbox\Toolboxes\Data Management Tools.tbx\CalculateField" Date="20121127" Time="113009">CalculateField Points_of_Interest commdist 17 VB #</Process><Process ToolSource="C:\Program Files (x86)\ArcGIS\Desktop10.0\ArcToolbox\Toolboxes\Data Management Tools.tbx\CalculateField" Date="20121127" Time="113025">CalculateField Points_of_Interest commdist 9 VB #</Process><Process ToolSource="C:\Program Files (x86)\ArcGIS\Desktop10.0\ArcToolbox\Toolboxes\Data Management Tools.tbx\CalculateField" Date="20121127" Time="113043">CalculateField Points_of_Interest commdist 12 VB #</Process><Process ToolSource="C:\Program Files (x86)\ArcGIS\Desktop10.0\ArcToolbox\Toolboxes\Data Management Tools.tbx\CalculateField" Date="20121127" Time="113055">CalculateField Points_of_Interest commdist 17 VB #</Process><Process ToolSource="C:\Program Files (x86)\ArcGIS\Desktop10.0\ArcToolbox\Toolboxes\Data Management Tools.tbx\CalculateField" Date="20121127" Time="113111">CalculateField Points_of_Interest commdist 9 VB #</Process><Process ToolSource="C:\Program Files (x86)\ArcGIS\Desktop10.0\ArcToolbox\Toolboxes\Data Management Tools.tbx\CalculateField" Date="20121127" Time="113124">CalculateField Points_of_Interest commdist 9 VB #</Process><Process ToolSource="C:\Program Files (x86)\ArcGIS\Desktop10.0\ArcToolbox\Toolboxes\Data Management Tools.tbx\CalculateField" Date="20121127" Time="113643">CalculateField Points_of_Interest zip 60018 VB #</Process><Process ToolSource="C:\Program Files (x86)\ArcGIS\Desktop10.0\ArcToolbox\Toolboxes\Data Management Tools.tbx\CalculateField" Date="20121127" Time="113657">CalculateField Points_of_Interest zipMuni "Des Plaines" VB #</Process><Process ToolSource="C:\Program Files (x86)\ArcGIS\Desktop10.0\ArcToolbox\Toolboxes\Data Management Tools.tbx\CalculateField" Date="20121127" Time="113725">CalculateField Points_of_Interest zipMuni "Des Plaines" VB #</Process><Process ToolSource="C:\Program Files (x86)\ArcGIS\Desktop10.0\ArcToolbox\Toolboxes\Data Management Tools.tbx\CalculateField" Date="20121127" Time="113740">CalculateField Points_of_Interest zipMuni "Des Plaines" VB #</Process><Process ToolSource="C:\Program Files (x86)\ArcGIS\Desktop10.0\ArcToolbox\Toolboxes\Data Management Tools.tbx\CalculateField" Date="20121127" Time="113749">CalculateField Points_of_Interest zipMuni "Des Plaines" VB #</Process><Process ToolSource="C:\Program Files (x86)\ArcGIS\Desktop10.0\ArcToolbox\Toolboxes\Data Management Tools.tbx\CalculateField" Date="20121127" Time="113810">CalculateField Points_of_Interest zip 60016 VB #</Process><Process ToolSource="C:\Program Files (x86)\ArcGIS\Desktop10.0\ArcToolbox\Toolboxes\Data Management Tools.tbx\CalculateField" Date="20121127" Time="113833">CalculateField Points_of_Interest zip 60630 VB #</Process><Process ToolSource="C:\Program Files (x86)\ArcGIS\Desktop10.0\ArcToolbox\Toolboxes\Data Management Tools.tbx\CalculateField" Date="20121127" Time="113845">CalculateField Points_of_Interest zipMuni "Chicago" VB #</Process><Process ToolSource="C:\Program Files (x86)\ArcGIS\Desktop10.0\ArcToolbox\Toolboxes\Data Management Tools.tbx\CalculateField" Date="20121127" Time="113928">CalculateField Points_of_Interest zip 60018 VB #</Process><Process ToolSource="C:\Program Files (x86)\ArcGIS\Desktop10.0\ArcToolbox\Toolboxes\Data Management Tools.tbx\CalculateField" Date="20121127" Time="113940">CalculateField Points_of_Interest zipMuni "Des Plaines" VB #</Process><Process ToolSource="C:\Program Files (x86)\ArcGIS\Desktop10.0\ArcToolbox\Toolboxes\Data Management Tools.tbx\CalculateField" Date="20121127" Time="113959">CalculateField Points_of_Interest zip 60171 VB #</Process><Process ToolSource="C:\Program Files (x86)\ArcGIS\Desktop10.0\ArcToolbox\Toolboxes\Data Management Tools.tbx\CalculateField" Date="20121127" Time="114014">CalculateField Points_of_Interest zipMuni "River Grove" VB #</Process><Process ToolSource="C:\Program Files (x86)\ArcGIS\Desktop10.0\ArcToolbox\Toolboxes\Data Management Tools.tbx\CalculateField" Date="20121127" Time="114228">CalculateField Points_of_Interest Lat 0 VB #</Process><Process ToolSource="C:\Program Files (x86)\ArcGIS\Desktop10.0\ArcToolbox\Toolboxes\Data Management Tools.tbx\CalculateField" Date="20121127" Time="114243">CalculateField Points_of_Interest Long_ 0 VB #</Process><Process ToolSource="C:\Program Files (x86)\ArcGIS\Desktop10.0\ArcToolbox\Toolboxes\Data Management Tools.tbx\CalculateField" Date="20121127" Time="114351">CalculateField Points_of_Interest municipality "River Grove" VB #</Process><Process ToolSource="C:\Program Files (x86)\ArcGIS\Desktop10.0\ArcToolbox\Toolboxes\Data Management Tools.tbx\CalculateField" Date="20121127" Time="114433">CalculateField Points_of_Interest municipality "Des Plaines" VB #</Process><Process ToolSource="C:\Program Files (x86)\ArcGIS\Desktop10.0\ArcToolbox\Toolboxes\Data Management Tools.tbx\CalculateField" Date="20121127" Time="114539">CalculateField Points_of_Interest municipality "Chicago" VB #</Process><Process ToolSource="C:\Program Files (x86)\ArcGIS\Desktop10.0\ArcToolbox\Toolboxes\Data Management Tools.tbx\CalculateField" Date="20121127" Time="115738">CalculateField Points_of_Interest Long_ 0 VB #</Process><Process ToolSource="C:\Program Files (x86)\ArcGIS\Desktop10.0\ArcToolbox\Toolboxes\Data Management Tools.tbx\CalculateField" Date="20121127" Time="115835">CalculateField Points_of_Interest Type_B "info" VB #</Process><Process ToolSource="C:\Program Files (x86)\ArcGIS\Desktop10.0\ArcToolbox\Toolboxes\Data Management Tools.tbx\CopyFeatures" Date="20130225" Time="125552">CopyFeatures C:\Users\wingente\Desktop\Grove_Maps\Grove_Maps.mdb\Points\Points_of_Interest "Database Connections\planim_gis.sde\planim.GIS.FPDCC\planim.GIS.Points_of_Interest" # 0 0 0</Process><Process ToolSource="C:\Program Files (x86)\ArcGIS\Desktop10.0\ArcToolbox\Toolboxes\Data Management Tools.tbx\CalculateField" Date="20130802" Time="113455">CalculateField planim.GIS.PointOfInterest NAME [LabelName] VB #</Process><Process ToolSource="C:\Program Files (x86)\ArcGIS\Desktop10.0\ArcToolbox\Toolboxes\Data Management Tools.tbx\CalculateField" Date="20130806" Time="164007">CalculateField planim.GIS.PointOfInterest TYPE 1 VB #</Process><Process ToolSource="C:\Program Files (x86)\ArcGIS\Desktop10.0\ArcToolbox\Toolboxes\Data Management Tools.tbx\CalculateField" Date="20130806" Time="164058">CalculateField planim.GIS.PointOfInterest SIGN_NAME [LabelName] VB #</Process><Process ToolSource="C:\Program Files (x86)\ArcGIS\Desktop10.0\ArcToolbox\Toolboxes\Data Management Tools.tbx\CalculateField" Date="20130806" Time="164735">CalculateField planim.GIS.PointOfInterest NO_PARKING 0 VB #</Process><Process ToolSource="C:\Program Files (x86)\ArcGIS\Desktop10.0\ArcToolbox\Toolboxes\Data Management Tools.tbx\CalculateField" Date="20130806" Time="164756">CalculateField planim.GIS.PointOfInterest NO_ALCOHOL 0 VB #</Process><Process ToolSource="C:\Program Files (x86)\ArcGIS\Desktop10.0\ArcToolbox\Toolboxes\Data Management Tools.tbx\CalculateField" Date="20130806" Time="164822">CalculateField planim.GIS.PointOfInterest GOLF 0 VB #</Process><Process ToolSource="C:\Program Files (x86)\ArcGIS\Desktop10.0\ArcToolbox\Toolboxes\Data Management Tools.tbx\CalculateField" Date="20130806" Time="164856">CalculateField planim.GIS.PointOfInterest SWIMMING_P 0 VB #</Process><Process ToolSource="C:\Program Files (x86)\ArcGIS\Desktop10.0\ArcToolbox\Toolboxes\Data Management Tools.tbx\CalculateField" Date="20130806" Time="164928">CalculateField planim.GIS.PointOfInterest NATURE_CEN 0 VB #</Process><Process ToolSource="C:\Program Files (x86)\ArcGIS\Desktop10.0\ArcToolbox\Toolboxes\Data Management Tools.tbx\CalculateField" Date="20130806" Time="164953">CalculateField planim.GIS.PointOfInterest BOAT_RAMP 0 VB #</Process><Process ToolSource="C:\Program Files (x86)\ArcGIS\Desktop10.0\ArcToolbox\Toolboxes\Data Management Tools.tbx\CalculateField" Date="20130806" Time="165025">CalculateField planim.GIS.PointOfInterest TOBOGGAN_A 0 VB #</Process><Process ToolSource="C:\Program Files (x86)\ArcGIS\Desktop10.0\ArcToolbox\Toolboxes\Data Management Tools.tbx\CalculateField" Date="20130806" Time="165050">CalculateField planim.GIS.PointOfInterest SLEDDING 0 VB #</Process><Process ToolSource="C:\Program Files (x86)\ArcGIS\Desktop10.0\ArcToolbox\Toolboxes\Data Management Tools.tbx\CalculateField" Date="20130806" Time="165308">CalculateField planim.GIS.PointOfInterest SIGN_NAME [LabelName] VB #</Process><Process ToolSource="C:\Program Files (x86)\ArcGIS\Desktop10.0\ArcToolbox\Toolboxes\Data Management Tools.tbx\CalculateField" Date="20130806" Time="172028">CalculateField planim.GIS.PointOfInterest zipMuni !zipMuni!.isupper() PYTHON_9.3 #</Process><Process ToolSource="C:\Program Files (x86)\ArcGIS\Desktop10.0\ArcToolbox\Toolboxes\Data Management Tools.tbx\CalculateField" Date="20130806" Time="172413">CalculateField planim.GIS.PointOfInterest zipMuni !zipMuni!.title() PYTHON_9.3 #</Process><Process ToolSource="c:\program files (x86)\arcgis\desktop10.1\ArcToolbox\Toolboxes\Data Management Tools.tbx\AddField" Date="20130816" Time="160037">AddField "Database Connections\planim_gis.sde\planim.GIS.FPDCC\planim.GIS.PointOfInterest" Editor TEXT # # 3 # NULLABLE NON_REQUIRED Editor_FPDCC</Process><Process ToolSource="c:\program files (x86)\arcgis\desktop10.1\ArcToolbox\Toolboxes\Data Management Tools.tbx\AddField" Date="20130816" Time="160039">AddField "Database Connections\planim_gis.sde\planim.GIS.FPDCC\planim.GIS.PointOfInterest" Edtdate DATE # # # # NULLABLE NON_REQUIRED #</Process><Process ToolSource="c:\program files (x86)\arcgis\desktop10.1\ArcToolbox\Toolboxes\Data Management Tools.tbx\AddField" Date="20130816" Time="160041">AddField "Database Connections\planim_gis.sde\planim.GIS.FPDCC\planim.GIS.PointOfInterest" EdtComnt TEXT # # 256 # NULLABLE NON_REQUIRED #</Process><Process ToolSource="c:\program files (x86)\arcgis\desktop10.1\ArcToolbox\Toolboxes\Data Management Tools.tbx\AddField" Date="20130816" Time="160044">AddField "Database Connections\planim_gis.sde\planim.GIS.FPDCC\planim.GIS.PointOfInterest" Zone TEXT # # 10 # NULLABLE NON_REQUIRED #</Process><Process ToolSource="C:\Program Files (x86)\ArcGIS\Desktop10.0\ArcToolbox\Toolboxes\Data Management Tools.tbx\CalculateField" Date="20131125" Time="150150">CalculateField planim.GIS.PointOfInterest Type_B "fpa" VB #</Process><Process ToolSource="C:\Program Files (x86)\ArcGIS\Desktop10.0\ArcToolbox\Toolboxes\Data Management Tools.tbx\CalculateField" Date="20131202" Time="120456">CalculateField planim.GIS.PointOfInterest Feature "" VB #</Process><Process ToolSource="C:\Program Files (x86)\ArcGIS\Desktop10.0\ArcToolbox\Toolboxes\Data Management Tools.tbx\CalculateField" Date="20131202" Time="152414">CalculateField planim.GIS.PointOfInterest hours1 "Hours of Operation 6 a.m. - 2 p.m." VB #</Process><Process Name="Add Field" ToolSource="c:\program files (x86)\arcgis\desktop10.1\ArcToolbox\Toolboxes\Data Management Tools.tbx\AddField" Date="20140121" Time="080331">AddField "Database Connections\planim_gis.sde\planim.GIS.FPDCC\planim.GIS.PointOfInterest" ComfortStations SHORT # # # # NULLABLE NON_REQUIRED #</Process><Process Name="Add Field (2)" ToolSource="c:\program files (x86)\arcgis\desktop10.1\ArcToolbox\Toolboxes\Data Management Tools.tbx\AddField" Date="20140121" Time="080333">AddField "Database Connections\planim_gis.sde\planim.GIS.FPDCC\planim.GIS.PointOfInterest" DrinkingWater SHORT # # # # NULLABLE NON_REQUIRED #</Process><Process Name="Add Field (3)" ToolSource="c:\program files (x86)\arcgis\desktop10.1\ArcToolbox\Toolboxes\Data Management Tools.tbx\AddField" Date="20140121" Time="080335">AddField "Database Connections\planim_gis.sde\planim.GIS.FPDCC\planim.GIS.PointOfInterest" BikeParking SHORT # # # # NULLABLE NON_REQUIRED #</Process><Process Name="Add Field (4)" ToolSource="c:\program files (x86)\arcgis\desktop10.1\ArcToolbox\Toolboxes\Data Management Tools.tbx\AddField" Date="20140121" Time="080337">AddField "Database Connections\planim_gis.sde\planim.GIS.FPDCC\planim.GIS.PointOfInterest" NaturePLay SHORT # # # # NULLABLE NON_REQUIRED #</Process><Process Name="Add Field (5)" ToolSource="c:\program files (x86)\arcgis\desktop10.1\ArcToolbox\Toolboxes\Data Management Tools.tbx\AddField" Date="20140121" Time="080338">AddField "Database Connections\planim_gis.sde\planim.GIS.FPDCC\planim.GIS.PointOfInterest" ADA SHORT # # # # NULLABLE NON_REQUIRED #</Process><Process ToolSource="C:\Program Files (x86)\ArcGIS\Desktop10.0\ArcToolbox\Toolboxes\Data Management Tools.tbx\CalculateField" Date="20140327" Time="142429">CalculateField planim.GIS.PointOfInterest Zone "NW" VB #</Process><Process ToolSource="C:\Program Files (x86)\ArcGIS\Desktop10.0\ArcToolbox\Toolboxes\Data Management Tools.tbx\CalculateField" Date="20140327" Time="142502">CalculateField planim.GIS.PointOfInterest Zone "N" VB #</Process><Process ToolSource="C:\Program Files (x86)\ArcGIS\Desktop10.0\ArcToolbox\Toolboxes\Data Management Tools.tbx\CalculateField" Date="20140327" Time="142532">CalculateField planim.GIS.PointOfInterest Zone "C" VB #</Process><Process ToolSource="C:\Program Files (x86)\ArcGIS\Desktop10.0\ArcToolbox\Toolboxes\Data Management Tools.tbx\CalculateField" Date="20140327" Time="142622">CalculateField planim.GIS.PointOfInterest Zone "Central" VB #</Process><Process ToolSource="C:\Program Files (x86)\ArcGIS\Desktop10.0\ArcToolbox\Toolboxes\Data Management Tools.tbx\CalculateField" Date="20140327" Time="142655">CalculateField planim.GIS.PointOfInterest Zone "Northwest" VB #</Process><Process ToolSource="C:\Program Files (x86)\ArcGIS\Desktop10.0\ArcToolbox\Toolboxes\Data Management Tools.tbx\CalculateField" Date="20140327" Time="142734">CalculateField planim.GIS.PointOfInterest Zone "North" VB #</Process><Process ToolSource="C:\Program Files (x86)\ArcGIS\Desktop10.0\ArcToolbox\Toolboxes\Data Management Tools.tbx\CalculateField" Date="20140327" Time="142808">CalculateField planim.GIS.PointOfInterest Zone "Southwest" VB #</Process><Process ToolSource="C:\Program Files (x86)\ArcGIS\Desktop10.0\ArcToolbox\Toolboxes\Data Management Tools.tbx\CalculateField" Date="20140327" Time="142839">CalculateField planim.GIS.PointOfInterest Zone "South" VB #</Process><Process ToolSource="C:\Program Files (x86)\ArcGIS\Desktop10.0\ArcToolbox\Toolboxes\Data Management Tools.tbx\CalculateField" Date="20140327" Time="143029">CalculateField planim.GIS.PointOfInterest Edtdate 03/27/2014 VB #</Process><Process ToolSource="C:\Program Files (x86)\ArcGIS\Desktop10.0\ArcToolbox\Toolboxes\Data Management Tools.tbx\CalculateField" Date="20140327" Time="143053">CalculateField planim.GIS.PointOfInterest Edtdate "03/27/2014" VB #</Process><Process ToolSource="C:\Program Files (x86)\ArcGIS\Desktop10.0\ArcToolbox\Toolboxes\Data Management Tools.tbx\CalculateField" Date="20140327" Time="143133">CalculateField planim.GIS.PointOfInterest EdtComnt "Added Zone" VB #</Process><Process ToolSource="C:\Program Files (x86)\ArcGIS\Desktop10.0\ArcToolbox\Toolboxes\Data Management Tools.tbx\CalculateField" Date="20140327" Time="143211">CalculateField planim.GIS.PointOfInterest Editor "Garret" VB #</Process><Process ToolSource="C:\Program Files (x86)\ArcGIS\Desktop10.0\ArcToolbox\Toolboxes\Data Management Tools.tbx\CalculateField" Date="20140327" Time="143308">CalculateField planim.GIS.PointOfInterest Editor "GW" VB #</Process><Process ToolSource="C:\Program Files (x86)\ArcGIS\Desktop10.0\ArcToolbox\Toolboxes\Data Management Tools.tbx\CalculateField" Date="20140327" Time="143551">CalculateField planim.GIS.PointOfInterest ComfortStations 0 VB #</Process><Process ToolSource="C:\Program Files (x86)\ArcGIS\Desktop10.0\ArcToolbox\Toolboxes\Data Management Tools.tbx\CalculateField" Date="20140327" Time="154204">CalculateField planim.GIS.PointOfInterest DrinkingWater 0 VB #</Process><Process ToolSource="C:\Program Files (x86)\ArcGIS\Desktop10.0\ArcToolbox\Toolboxes\Data Management Tools.tbx\CalculateField" Date="20140327" Time="154536">CalculateField planim.GIS.PointOfInterest BikeParking 0 VB #</Process><Process ToolSource="C:\Program Files (x86)\ArcGIS\Desktop10.0\ArcToolbox\Toolboxes\Data Management Tools.tbx\CalculateField" Date="20140327" Time="154601">CalculateField planim.GIS.PointOfInterest NaturePLay 0 VB #</Process><Process ToolSource="C:\Program Files (x86)\ArcGIS\Desktop10.0\ArcToolbox\Toolboxes\Data Management Tools.tbx\CalculateField" Date="20140327" Time="154621">CalculateField planim.GIS.PointOfInterest ADA 0 VB #</Process><Process ToolSource="C:\Program Files (x86)\ArcGIS\Desktop10.0\ArcToolbox\Toolboxes\Data Management Tools.tbx\CalculateField" Date="20140327" Time="162247">CalculateField planim.GIS.PointOfInterest BikeParking 1 VB #</Process><Process ToolSource="c:\program files (x86)\arcgis\desktop10.1\ArcToolbox\Toolboxes\Data Management Tools.tbx\Project" Date="20150402" Time="145426">Project FPDCC_POI_4022015 W:\GIS_Administration\DataOrGISRequests\GitRepository\FPDCC_POI_WGS.shp GEOGCS['GCS_WGS_1984',DATUM['D_WGS_1984',SPHEROID['WGS_1984',6378137.0,298.257223563]],PRIMEM['Greenwich',0.0],UNIT['Degree',0.0174532925199433],METADATA['World',-180.0,-90.0,180.0,90.0,0.0,0.0174532925199433,0.0,1262]] WGS_1984_(ITRF00)_To_NAD_1983 PROJCS['NAD_1983_StatePlane_Illinois_East_FIPS_1201_Feet',GEOGCS['GCS_North_American_1983',DATUM['D_North_American_1983',SPHEROID['GRS_1980',6378137.0,298.257222101]],PRIMEM['Greenwich',0.0],UNIT['Degree',0.0174532925199433]],PROJECTION['Transverse_Mercator'],PARAMETER['False_Easting',984250.0],PARAMETER['False_Northing',0.0],PARAMETER['Central_Meridian',-88.33333333333333],PARAMETER['Scale_Factor',0.999975],PARAMETER['Latitude_Of_Origin',36.66666666666666],UNIT['Foot_US',0.3048006096012192]]</Process></lineage><itemProps><itemName Sync="TRUE">planim.GIS.Points_of_Interest</itemName><imsContentType Sync="TRUE">002</imsContentType><itemLocation><linkage Sync="TRUE">Server=gissqlclstr1; Service=sde:sqlserver:gissqlclstr1; Database=planim; User=gis; Version=sde.DEFAULT</linkage><protocol Sync="TRUE">ArcSDE Connection</protocol></itemLocation></itemProps><coordRef><type Sync="TRUE">Projected</type><geogcsn Sync="TRUE">GCS_North_American_1983</geogcsn><csUnits Sync="TRUE">Linear Unit: Foot_US (0.304801)</csUnits><projcsn Sync="TRUE">NAD_1983_StatePlane_Illinois_East_FIPS_1201_Feet</projcsn><peXml Sync="TRUE">&lt;ProjectedCoordinateSystem xsi:type='typens:ProjectedCoordinateSystem' xmlns:xsi='http://www.w3.org/2001/XMLSchema-instance' xmlns:xs='http://www.w3.org/2001/XMLSchema' xmlns:typens='http://www.esri.com/schemas/ArcGIS/10.0'&gt;&lt;WKT&gt;PROJCS[&amp;quot;NAD_1983_StatePlane_Illinois_East_FIPS_1201_Feet&amp;quot;,GEOGCS[&amp;quot;GCS_North_American_1983&amp;quot;,DATUM[&amp;quot;D_North_American_1983&amp;quot;,SPHEROID[&amp;quot;GRS_1980&amp;quot;,6378137.0,298.257222101]],PRIMEM[&amp;quot;Greenwich&amp;quot;,0.0],UNIT[&amp;quot;Degree&amp;quot;,0.0174532925199433]],PROJECTION[&amp;quot;Transverse_Mercator&amp;quot;],PARAMETER[&amp;quot;False_Easting&amp;quot;,984250.0],PARAMETER[&amp;quot;False_Northing&amp;quot;,0.0],PARAMETER[&amp;quot;Central_Meridian&amp;quot;,-88.33333333333333],PARAMETER[&amp;quot;Scale_Factor&amp;quot;,0.999975],PARAMETER[&amp;quot;Latitude_Of_Origin&amp;quot;,36.66666666666666],UNIT[&amp;quot;Foot_US&amp;quot;,0.3048006096012192],AUTHORITY[&amp;quot;EPSG&amp;quot;,3435]]&lt;/WKT&gt;&lt;XOrigin&gt;-17463800&lt;/XOrigin&gt;&lt;YOrigin&gt;-46132600&lt;/YOrigin&gt;&lt;XYScale&gt;4000&lt;/XYScale&gt;&lt;ZOrigin&gt;0&lt;/ZOrigin&gt;&lt;ZScale&gt;1&lt;/ZScale&gt;&lt;MOrigin&gt;0&lt;/MOrigin&gt;&lt;MScale&gt;1&lt;/MScale&gt;&lt;XYTolerance&gt;0.002&lt;/XYTolerance&gt;&lt;ZTolerance&gt;2&lt;/ZTolerance&gt;&lt;MTolerance&gt;2&lt;/MTolerance&gt;&lt;HighPrecision&gt;true&lt;/HighPrecision&gt;&lt;WKID&gt;3435&lt;/WKID&gt;&lt;/ProjectedCoordinateSystem&gt;</peXml></coordRef></DataProperties><ArcGISFormat>1.0</ArcGISFormat></Esri><idinfo><native Sync="TRUE">Microsoft Windows XP Version 5.1 (Build 2600) Service Pack 3; ESRI ArcCatalog 9.3.1.3500</native><descript><langdata Sync="TRUE">en</langdata><abstract>Point of Interest dataset for the FPDCC.</abstract><purpose>general map creation.</purpose></descript><citation><citeinfo><origin>Forest Preserve District of Cook County</origin><pubdate>10/1/2010</pubdate><title Sync="TRUE">New_POIs_Merge</title><ftname Sync="TRUE">New_POIs_Merge</ftname><geoform Sync="TRUE">vector digital data</geoform><onlink Sync="TRUE">\\PLANDEVSERVER\P&amp;D Server\PROJECTS\2011\11-26_MapRequests\BuildingMap\Facility_Data\New_POIs_Merge.shp</onlink></citeinfo></citation><timeperd><current>REQUIRED: The basis on which the time period of content information is determined.</current><timeinfo><sngdate><caldate>REQUIRED: The year (and optionally month, or month and day) for which the data set corresponds to the ground.</caldate></sngdate></timeinfo></timeperd><status><progress>Complete</progress><update>As needed</update></status><spdom><bounding><westbc Sync="TRUE">-88.259209</westbc><eastbc Sync="TRUE">-87.521927</eastbc><northbc Sync="TRUE">42.151795</northbc><southbc Sync="TRUE">41.473661</southbc></bounding><lboundng><leftbc Sync="TRUE">1004562.352702</leftbc><rightbc Sync="TRUE">1204286.137080</rightbc><bottombc Sync="TRUE">1751820.034786</bottombc><topbc Sync="TRUE">1997914.162119</topbc></lboundng></spdom><keywords><theme><themekt>none</themekt><themekey>Point of Interest</themekey></theme><place><placekt>none</placekt><placekey>Forest Preserve District of Cook County</placekey></place></keywords><accconst>Subject of FPDCC County Data Sharing policies.  Data use must cite credit for the work, and a disclaimier that map is subject to review and updates.  Data may not be manipulated or modified without consent of FPDCC.  Data is subject to interpretation caveats of the FPDCC, and for this reason it should not be interpreted to the public without the knowledge and approval of the FPDCC Planning &amp; Development section who created said shape file.</accconst><useconst>Subject of FPDCC County Data Sharing policies.  Data use must cite credit for the work, and a disclaimier that map is subject to review and updates.  Data may not be manipulated or modified without consent of FPDCC.  Data is subject to interpretation caveats of the FPDCC, and for this reason it should not be interpreted to the public without the knowledge and approval of the FPDCC Planning &amp; Development section who created said shape file.   May not be published without consent of FPDCC.</useconst><natvform Sync="TRUE">Shapefile</natvform><ptcontac><cntinfo><cntorgp><cntorg>Forest Preserve District of Cook County</cntorg><cntper>Garret Wais</cntper></cntorgp><cntpos>GIS Specialist</cntpos><cntaddr><addrtype>mailing address</addrtype><address>536 N. Harlem Ave.</address><city>River Forest</city><state>Illinois</state><postal>60305</postal><country>U.S.</country></cntaddr><cntvoice>708-771-1042</cntvoice><cntfax>708-771-1360</cntfax><cntemail>Garret.Wais@cookcountyil.gov</cntemail><hours>09:00 - 17:00, Central Time Zone, Monday - Friday, except holidays</hours><cntinst>Please contact during regular business hours.</cntinst></cntinfo></ptcontac></idinfo><dataIdInfo><envirDesc Sync="TRUE">Microsoft Windows 7 Version 6.1 (Build 7601) Service Pack 1; ESRI ArcGIS 10.0.4.4000</envirDesc><dataLang><languageCode Sync="TRUE" value="eng"></languageCode><countryCode value="USA" Sync="TRUE"></countryCode></dataLang><idCitation><resTitle Sync="TRUE">planim.GIS.Points_of_Interest</resTitle><presForm><PresFormCd Sync="TRUE" value="005"></PresFormCd></presForm></idCitation><spatRpType><SpatRepTypCd Sync="TRUE" value="001"></SpatRepTypCd></spatRpType><dataExt><geoEle><GeoBndBox esriExtentType="native"><westBL Sync="TRUE">1004562.352702</westBL><eastBL Sync="TRUE">1204286.13708</eastBL><northBL Sync="TRUE">1997914.162119</northBL><southBL Sync="TRUE">1751820.034786</southBL><exTypeCode Sync="TRUE">1</exTypeCode></GeoBndBox></geoEle></dataExt><geoBox esriExtentType="decdegrees"><westBL Sync="TRUE">-88.259209</westBL><eastBL Sync="TRUE">-87.521927</eastBL><northBL Sync="TRUE">42.151795</northBL><southBL Sync="TRUE">41.473661</southBL><exTypeCode Sync="TRUE">1</exTypeCode></geoBox></dataIdInfo><metainfo><langmeta Sync="TRUE">en</langmeta><metstdn Sync="TRUE">FGDC Content Standards for Digital Geospatial Metadata</metstdn><metstdv Sync="TRUE">FGDC-STD-001-1998</metstdv><mettc Sync="TRUE">local time</mettc><metc><cntinfo><cntorgp><cntper>REQUIRED: The person responsible for the metadata information.</cntper><cntorg>REQUIRED: The organization responsible for the metadata information.</cntorg></cntorgp><cntaddr><addrtype>REQUIRED: The mailing and/or physical address for the organization or individual.</addrtype><city>REQUIRED: The city of the address.</city><state>REQUIRED: The state or province of the address.</state><postal>REQUIRED: The ZIP or other postal code of the address.</postal></cntaddr><cntvoice>REQUIRED: The telephone number by which individuals can speak to the organization or individual.</cntvoice></cntinfo></metc><metd Sync="TRUE">20110922</metd></metainfo><mdLang><languageCode Sync="TRUE" value="eng"></languageCode><countryCode value="USA" Sync="TRUE"></countryCode></mdLang><mdStanName Sync="TRUE">ISO 19115 Geographic Information - Metadata</mdStanName><mdStanVer Sync="TRUE">DIS_ESRI1.0</mdStanVer><mdChar><CharSetCd Sync="TRUE" value="004"></CharSetCd></mdChar><mdHrLv><ScopeCd Sync="TRUE" value="005"></ScopeCd></mdHrLv><mdHrLvName Sync="TRUE">dataset</mdHrLvName><distinfo><resdesc Sync="TRUE">Downloadable Data</resdesc><stdorder><digform><digtinfo><transize Sync="TRUE">0.000</transize><dssize Sync="TRUE">0.000</dssize></digtinfo></digform></stdorder></distinfo><distInfo><distributor><distorTran><onLineSrc><orDesc Sync="TRUE">002</orDesc><linkage Sync="TRUE">file://\\PLANDEVSERVER\P&amp;D Server\PROJECTS\2011\11-26_MapRequests\BuildingMap\Facility_Data\New_POIs_Merge.shp</linkage><protocol Sync="TRUE">Local Area Network</protocol></onLineSrc><transSize Sync="TRUE">0.000</transSize></distorTran><distorFormat><formatName Sync="TRUE">Shapefile</formatName></distorFormat></distributor><distFormat><formatName Sync="TRUE">SDE Feature Class</formatName></distFormat></distInfo><spdoinfo><direct Sync="TRUE">Vector</direct><ptvctinf><esriterm><efeatyp Sync="TRUE">Simple</efeatyp><efeageom code="1" Sync="TRUE"></efeageom><esritopo Sync="TRUE">FALSE</esritopo><efeacnt Sync="TRUE">0</efeacnt><spindex Sync="TRUE">TRUE</spindex><linrefer Sync="TRUE">FALSE</linrefer></esriterm></ptvctinf></spdoinfo><spref><horizsys><cordsysn><geogcsn Sync="TRUE">GCS_North_American_1983</geogcsn><projcsn Sync="TRUE">NAD_1983_StatePlane_Illinois_East_FIPS_1201_Feet</projcsn></cordsysn><planar><planci><plance Sync="TRUE">coordinate pair</plance><plandu Sync="TRUE">survey feet</plandu><coordrep><absres Sync="TRUE">0.000000</absres><ordres Sync="TRUE">0.000000</ordres></coordrep></planci></planar><geodetic><horizdn Sync="TRUE">North American Datum of 1983</horizdn><ellips Sync="TRUE">Geodetic Reference System 80</ellips><semiaxis Sync="TRUE">6378137.000000</semiaxis><denflat Sync="TRUE">298.257222</denflat></geodetic></horizsys></spref><refSysInfo><RefSystem><refSysID><identCode Sync="TRUE" value="3435">NAD_1983_StatePlane_Illinois_East_FIPS_1201_Feet</identCode><idCodeSpace Sync="TRUE">EPSG</idCodeSpace><idVersion Sync="TRUE">7.4.1</idVersion></refSysID></RefSystem></refSysInfo><spatRepInfo><VectSpatRep><geometObjs Name="planim.GIS.Points_of_Interest"><geoObjTyp><GeoObjTypCd value="004" Sync="TRUE"></GeoObjTypCd></geoObjTyp><geoObjCnt Sync="TRUE">0</geoObjCnt></geometObjs><topLvl><TopoLevCd value="001" Sync="TRUE"></TopoLevCd></topLvl></VectSpatRep></spatRepInfo><eainfo><detailed Name="planim.GIS.Points_of_Interest"><enttyp><enttypl>POI with Amenities</enttypl><enttypt Sync="TRUE">Feature Class</enttypt><enttypc Sync="TRUE">0</enttypc><enttypd>FPDCC points of Interest with their corresponding amenities</enttypd><enttypds>FPDCC</enttypds></enttyp><attr><attrlabl Sync="TRUE">OBJECTID</attrlabl><attalias Sync="TRUE">OBJECTID</attalias><attrtype Sync="TRUE">OID</attrtype><attwidth Sync="TRUE">4</attwidth><atprecis Sync="TRUE">10</atprecis><attscale Sync="TRUE">0</attscale><attrdef Sync="TRUE">Internal feature number.</attrdef><attrdefs Sync="TRUE">ESRI</attrdefs><attrdomv><udom Sync="TRUE">Sequential unique whole numbers that are automatically generated.</udom></attrdomv></attr><attr><attrlabl Sync="TRUE">Shape</attrlabl><attalias Sync="TRUE">Shape</attalias><attrtype Sync="TRUE">Geometry</attrtype><attwidth Sync="TRUE">4</attwidth><atprecis Sync="TRUE">0</atprecis><attscale Sync="TRUE">0</attscale><attrdef Sync="TRUE">Feature geometry.</attrdef><attrdefs Sync="TRUE">ESRI</attrdefs><attrdomv><udom Sync="TRUE">Coordinates defining the features.</udom></attrdomv></attr><attr><attrlabl Sync="TRUE">PT_TYPE</attrlabl><attalias Sync="TRUE">PT_TYPE</attalias><attrtype Sync="TRUE">String</attrtype><attwidth Sync="TRUE">30</attwidth><attrdef>General point type</attrdef><attrdefs>FPDCC</attrdefs><atprecis Sync="TRUE">0</atprecis><attscale Sync="TRUE">0</attscale></attr><attr><attrlabl Sync="TRUE">FROMFC</attrlabl><attalias Sync="TRUE">FROMFC</attalias><attrtype Sync="TRUE">String</attrtype><attwidth Sync="TRUE">50</attwidth><atprecis Sync="TRUE">0</atprecis><attscale Sync="TRUE">0</attscale></attr><attr><attrlabl Sync="TRUE">COMMENTS</attrlabl><attalias Sync="TRUE">COMMENTS</attalias><attrtype Sync="TRUE">String</attrtype><attwidth Sync="TRUE">50</attwidth><atprecis Sync="TRUE">0</atprecis><attscale Sync="TRUE">0</attscale></attr><attr><attrlabl Sync="TRUE">MAP_NO</attrlabl><attalias Sync="TRUE">MAP_NO</attalias><attrtype Sync="TRUE">String</attrtype><attwidth Sync="TRUE">5</attwidth><attrdef>Region map number</attrdef><attrdefs>FPDCC</attrdefs><atprecis Sync="TRUE">0</atprecis><attscale Sync="TRUE">0</attscale></attr><attr><attrlabl Sync="TRUE">NAME</attrlabl><attalias Sync="TRUE">NAME</attalias><attrtype Sync="TRUE">String</attrtype><attwidth Sync="TRUE">30</attwidth><attrdef>Site name</attrdef><attrdefs>FPDCC</attrdefs><atprecis Sync="TRUE">0</atprecis><attscale Sync="TRUE">0</attscale></attr><attr><attrlabl Sync="TRUE">TYPE</attrlabl><attalias Sync="TRUE">TYPE</attalias><attrtype Sync="TRUE">SmallInteger</attrtype><attwidth Sync="TRUE">2</attwidth><atprecis Sync="TRUE">5</atprecis><attscale Sync="TRUE">0</attscale></attr><attr><attrlabl Sync="TRUE">REGION</attrlabl><attalias Sync="TRUE">REGION</attalias><attrtype Sync="TRUE">String</attrtype><attwidth Sync="TRUE">10</attwidth><attrdef>Region number</attrdef><attrdefs>FPDCC</attrdefs><atprecis Sync="TRUE">0</atprecis><attscale Sync="TRUE">0</attscale></attr><attr><attrlabl Sync="TRUE">MAP_NO2</attrlabl><attalias Sync="TRUE">MAP_NO2</attalias><attrtype Sync="TRUE">String</attrtype><attwidth Sync="TRUE">5</attwidth><attrdef>District wide map number</attrdef><attrdefs>FPDCC</attrdefs><atprecis Sync="TRUE">0</atprecis><attscale Sync="TRUE">0</attscale></attr><attr><attrlabl Sync="TRUE">LabelName</attrlabl><attalias Sync="TRUE">LabelName</attalias><attrtype Sync="TRUE">String</attrtype><attwidth Sync="TRUE">50</attwidth><attrdef>Name correctly formatted for labelling</attrdef><attrdefs>FPDCC</attrdefs><atprecis Sync="TRUE">0</atprecis><attscale Sync="TRUE">0</attscale></attr><attr><attrlabl Sync="TRUE">LABELTYPE</attrlabl><attalias Sync="TRUE">LABELTYPE</attalias><attrtype Sync="TRUE">String</attrtype><attwidth Sync="TRUE">2</attwidth><attrdef>Lable selector attribute</attrdef><atprecis Sync="TRUE">0</atprecis><attscale Sync="TRUE">0</attscale></attr><attr><attrlabl Sync="TRUE">LARGEDOT</attrlabl><attalias Sync="TRUE">LARGEDOT</attalias><attrtype Sync="TRUE">String</attrtype><attwidth Sync="TRUE">5</attwidth><atprecis Sync="TRUE">0</atprecis><attscale Sync="TRUE">0</attscale></attr><attr><attrlabl Sync="TRUE">Uni_ID</attrlabl><attalias Sync="TRUE">Uni_ID</attalias><attrtype Sync="TRUE">Integer</attrtype><attwidth Sync="TRUE">4</attwidth><attrdef>unique identifier</attrdef><attrdefs>FPDCC</attrdefs><atprecis Sync="TRUE">10</atprecis><attscale Sync="TRUE">0</attscale></attr><attr><attrlabl Sync="TRUE">Type_B</attrlabl><attalias Sync="TRUE">Type_B</attalias><attrtype Sync="TRUE">String</attrtype><attwidth Sync="TRUE">50</attwidth><attrdef>specific site type</attrdef><attrdefs>FPDCC</attrdefs><atprecis Sync="TRUE">0</atprecis><attscale Sync="TRUE">0</attscale></attr><attr><attrlabl Sync="TRUE">addr</attrlabl><attalias Sync="TRUE">addr</attalias><attrtype Sync="TRUE">String</attrtype><attwidth Sync="TRUE">100</attwidth><attrdef>Address</attrdef><attrdefs>FPDCC</attrdefs><atprecis Sync="TRUE">0</atprecis><attscale Sync="TRUE">0</attscale></attr><attr><attrlabl Sync="TRUE">contact1</attrlabl><attalias Sync="TRUE">contact1</attalias><attrtype Sync="TRUE">String</attrtype><attwidth Sync="TRUE">50</attwidth><attrdef>Contact information 1</attrdef><attrdefs>FPDCC</attrdefs><atprecis Sync="TRUE">0</atprecis><attscale Sync="TRUE">0</attscale></attr><attr><attrlabl Sync="TRUE">contact2</attrlabl><attalias Sync="TRUE">contact2</attalias><attrtype Sync="TRUE">String</attrtype><attwidth Sync="TRUE">50</attwidth><attrdef>Contact information 2</attrdef><attrdefs>FPDCC</attrdefs><atprecis Sync="TRUE">0</atprecis><attscale Sync="TRUE">0</attscale></attr><attr><attrlabl Sync="TRUE">hours1</attrlabl><attalias Sync="TRUE">hours1</attalias><attrtype Sync="TRUE">String</attrtype><attwidth Sync="TRUE">100</attwidth><attrdef>hours of operation 1</attrdef><attrdefs>FPDCC</attrdefs><atprecis Sync="TRUE">0</atprecis><attscale Sync="TRUE">0</attscale></attr><attr><attrlabl Sync="TRUE">hours2</attrlabl><attalias Sync="TRUE">hours2</attalias><attrtype Sync="TRUE">String</attrtype><attwidth Sync="TRUE">100</attwidth><attrdef>Hours of operation 2</attrdef><attrdefs>FPDCC</attrdefs><atprecis Sync="TRUE">0</atprecis><attscale Sync="TRUE">0</attscale></attr><attr><attrlabl Sync="TRUE">Desc1</attrlabl><attalias Sync="TRUE">Desc1</attalias><attrtype Sync="TRUE">String</attrtype><attwidth Sync="TRUE">254</attwidth><attrdef>Description of site/facility 1</attrdef><attrdefs>FPDCC</attrdefs><atprecis Sync="TRUE">0</atprecis><attscale Sync="TRUE">0</attscale></attr><attr><attrlabl Sync="TRUE">SIGN_NAME</attrlabl><attalias Sync="TRUE">SIGN_NAME</attalias><attrtype Sync="TRUE">String</attrtype><attwidth Sync="TRUE">44</attwidth><atprecis Sync="TRUE">0</atprecis><attscale Sync="TRUE">0</attscale></attr><attr><attrlabl Sync="TRUE">LARVE_CAP_</attrlabl><attalias Sync="TRUE">LARVE_CAP_</attalias><attrtype Sync="TRUE">Double</attrtype><attwidth Sync="TRUE">8</attwidth><attrdef>Large Capacity Grove</attrdef><attrdefs>FPDCC</attrdefs><atprecis Sync="TRUE">38</atprecis><attscale Sync="TRUE">8</attscale></attr><attr><attrlabl Sync="TRUE">GAS_POWERE</attrlabl><attalias Sync="TRUE">GAS_POWERE</attalias><attrtype Sync="TRUE">Double</attrtype><attwidth Sync="TRUE">8</attwidth><attrdef>Gas Powered Boat Launch</attrdef><attrdefs>FPDCC</attrdefs><atprecis Sync="TRUE">38</atprecis><attscale Sync="TRUE">8</attscale></attr><attr><attrlabl Sync="TRUE">BOAT_RENTA</attrlabl><attalias Sync="TRUE">BOAT_RENTA</attalias><attrtype Sync="TRUE">Double</attrtype><attwidth Sync="TRUE">8</attwidth><attrdef>Boat Rental</attrdef><attrdefs>FPDCC</attrdefs><atprecis Sync="TRUE">38</atprecis><attscale Sync="TRUE">8</attscale></attr><attr><attrlabl Sync="TRUE">PICNIC_GRO</attrlabl><attalias Sync="TRUE">PICNIC_GRO</attalias><attrtype Sync="TRUE">Double</attrtype><attwidth Sync="TRUE">8</attwidth><attrdef>Picnic Grove</attrdef><attrdefs>FPDCC</attrdefs><atprecis Sync="TRUE">38</atprecis><attscale Sync="TRUE">8</attscale></attr><attr><attrlabl Sync="TRUE">SHELTER</attrlabl><attalias Sync="TRUE">SHELTER</attalias><attrtype Sync="TRUE">Double</attrtype><attwidth Sync="TRUE">8</attwidth><attrdef>Shelter</attrdef><attrdefs>FPDCC</attrdefs><atprecis Sync="TRUE">38</atprecis><attscale Sync="TRUE">8</attscale></attr><attr><attrlabl Sync="TRUE">HIKING</attrlabl><attalias Sync="TRUE">HIKING</attalias><attrtype Sync="TRUE">Double</attrtype><attwidth Sync="TRUE">8</attwidth><attrdef>Hiking</attrdef><attrdefs>FPDCC</attrdefs><atprecis Sync="TRUE">38</atprecis><attscale Sync="TRUE">8</attscale></attr><attr><attrlabl Sync="TRUE">CYCLING</attrlabl><attalias Sync="TRUE">CYCLING</attalias><attrtype Sync="TRUE">Double</attrtype><attwidth Sync="TRUE">8</attwidth><attrdef>Bicycling</attrdef><attrdefs>FPDCC</attrdefs><atprecis Sync="TRUE">38</atprecis><attscale Sync="TRUE">8</attscale></attr><attr><attrlabl Sync="TRUE">IN_LINE_SK</attrlabl><attalias Sync="TRUE">IN_LINE_SK</attalias><attrtype Sync="TRUE">Double</attrtype><attwidth Sync="TRUE">8</attwidth><attrdef>Inline Skating</attrdef><attrdefs>FPDCC</attrdefs><atprecis Sync="TRUE">38</atprecis><attscale Sync="TRUE">8</attscale></attr><attr><attrlabl Sync="TRUE">CROSS_COUN</attrlabl><attalias Sync="TRUE">CROSS_COUN</attalias><attrtype Sync="TRUE">Double</attrtype><attwidth Sync="TRUE">8</attwidth><attrdef>Cross Country Skiing</attrdef><attrdefs>FPDCC</attrdefs><atprecis Sync="TRUE">38</atprecis><attscale Sync="TRUE">8</attscale></attr><attr><attrlabl Sync="TRUE">ECOLOGICAL</attrlabl><attalias Sync="TRUE">ECOLOGICAL</attalias><attrtype Sync="TRUE">Double</attrtype><attwidth Sync="TRUE">8</attwidth><attrdef>Ecological Management Site</attrdef><attrdefs>FPDCC</attrdefs><atprecis Sync="TRUE">38</atprecis><attscale Sync="TRUE">8</attscale></attr><attr><attrlabl Sync="TRUE">EQUESTRIAN</attrlabl><attalias Sync="TRUE">EQUESTRIAN</attalias><attrtype Sync="TRUE">Double</attrtype><attwidth Sync="TRUE">8</attwidth><attrdef>Equestrian Trailer Parking/Riding</attrdef><attrdefs>FPDCC</attrdefs><atprecis Sync="TRUE">38</atprecis><attscale Sync="TRUE">8</attscale></attr><attr><attrlabl Sync="TRUE">BIRDING</attrlabl><attalias Sync="TRUE">BIRDING</attalias><attrtype Sync="TRUE">Double</attrtype><attwidth Sync="TRUE">8</attwidth><attrdef>Bird watching spot</attrdef><attrdefs>FPDCC</attrdefs><atprecis Sync="TRUE">38</atprecis><attscale Sync="TRUE">8</attscale></attr><attr><attrlabl Sync="TRUE">FISHING</attrlabl><attalias Sync="TRUE">FISHING</attalias><attrtype Sync="TRUE">Double</attrtype><attwidth Sync="TRUE">8</attwidth><attrdef>Fishing lake</attrdef><attrdefs>FPDCC</attrdefs><atprecis Sync="TRUE">38</atprecis><attscale Sync="TRUE">8</attscale></attr><attr><attrlabl Sync="TRUE">CANOE</attrlabl><attalias Sync="TRUE">CANOE</attalias><attrtype Sync="TRUE">Double</attrtype><attwidth Sync="TRUE">8</attwidth><attrdef>canoeing</attrdef><attrdefs>FPDCC</attrdefs><atprecis Sync="TRUE">38</atprecis><attscale Sync="TRUE">8</attscale></attr><attr><attrlabl Sync="TRUE">SNOWMOBILI</attrlabl><attalias Sync="TRUE">SNOWMOBILI</attalias><attrtype Sync="TRUE">Double</attrtype><attwidth Sync="TRUE">8</attwidth><attrdef>snowmobiling</attrdef><attrdefs>FPDCC</attrdefs><atprecis Sync="TRUE">38</atprecis><attscale Sync="TRUE">8</attscale></attr><attr><attrlabl Sync="TRUE">M_BOAT</attrlabl><attalias Sync="TRUE">M_BOAT</attalias><attrtype Sync="TRUE">Double</attrtype><attwidth Sync="TRUE">8</attwidth><attrdef>model boat site</attrdef><attrdefs>FPDCC</attrdefs><atprecis Sync="TRUE">38</atprecis><attscale Sync="TRUE">8</attscale></attr><attr><attrlabl Sync="TRUE">M_AIRPLANE</attrlabl><attalias Sync="TRUE">M_AIRPLANE</attalias><attrtype Sync="TRUE">Double</attrtype><attwidth Sync="TRUE">8</attwidth><attrdef>model airplane flying field</attrdef><attrdefs>FPDCC</attrdefs><atprecis Sync="TRUE">38</atprecis><attscale Sync="TRUE">8</attscale></attr><attr><attrlabl Sync="TRUE">CAMPING</attrlabl><attalias Sync="TRUE">CAMPING</attalias><attrtype Sync="TRUE">Double</attrtype><attwidth Sync="TRUE">8</attwidth><attrdef>camping</attrdef><attrdefs>FPDCC</attrdefs><atprecis Sync="TRUE">38</atprecis><attscale Sync="TRUE">8</attscale></attr><attr><attrlabl Sync="TRUE">DOG_FRIEND</attrlabl><attalias Sync="TRUE">DOG_FRIEND</attalias><attrtype Sync="TRUE">Double</attrtype><attwidth Sync="TRUE">8</attwidth><attrdef>dogs allowed</attrdef><attrdefs>FPDCC</attrdefs><atprecis Sync="TRUE">38</atprecis><attscale Sync="TRUE">8</attscale></attr><attr><attrlabl Sync="TRUE">SLEDDING</attrlabl><attalias Sync="TRUE">SLEDDING</attalias><attrtype Sync="TRUE">Double</attrtype><attwidth Sync="TRUE">8</attwidth><attrdef>sledding hill</attrdef><attrdefs>FPDCC</attrdefs><atprecis Sync="TRUE">38</atprecis><attscale Sync="TRUE">8</attscale></attr><attr><attrlabl Sync="TRUE">TOBOGGAN_A</attrlabl><attalias Sync="TRUE">TOBOGGAN_A</attalias><attrtype Sync="TRUE">Double</attrtype><attwidth Sync="TRUE">8</attwidth><attrdef>tobboggan run</attrdef><attrdefs>FPDCC</attrdefs><atprecis Sync="TRUE">38</atprecis><attscale Sync="TRUE">8</attscale></attr><attr><attrlabl Sync="TRUE">BOAT_RAMP</attrlabl><attalias Sync="TRUE">BOAT_RAMP</attalias><attrtype Sync="TRUE">Double</attrtype><attwidth Sync="TRUE">8</attwidth><attrdef>boat ramp</attrdef><attrdefs>FPDCC</attrdefs><atprecis Sync="TRUE">38</atprecis><attscale Sync="TRUE">8</attscale></attr><attr><attrlabl Sync="TRUE">NATURE_CEN</attrlabl><attalias Sync="TRUE">NATURE_CEN</attalias><attrtype Sync="TRUE">Double</attrtype><attwidth Sync="TRUE">8</attwidth><attrdef>nature center</attrdef><attrdefs>FPDCC</attrdefs><atprecis Sync="TRUE">38</atprecis><attscale Sync="TRUE">8</attscale></attr><attr><attrlabl Sync="TRUE">SWIMMING_P</attrlabl><attalias Sync="TRUE">SWIMMING_P</attalias><attrtype Sync="TRUE">Double</attrtype><attwidth Sync="TRUE">8</attwidth><attrdef>swimming pool</attrdef><attrdefs>FPDCC</attrdefs><atprecis Sync="TRUE">38</atprecis><attscale Sync="TRUE">8</attscale></attr><attr><attrlabl Sync="TRUE">GOLF</attrlabl><attalias Sync="TRUE">GOLF</attalias><attrtype Sync="TRUE">Double</attrtype><attwidth Sync="TRUE">8</attwidth><attrdef>golf course/driving range</attrdef><attrdefs>FPDCC</attrdefs><atprecis Sync="TRUE">38</atprecis><attscale Sync="TRUE">8</attscale></attr><attr><attrlabl Sync="TRUE">NO_ALCOHOL</attrlabl><attalias Sync="TRUE">NO_ALCOHOL</attalias><attrtype Sync="TRUE">Double</attrtype><attwidth Sync="TRUE">8</attwidth><attrdef>no alcohol allowed</attrdef><attrdefs>FPDCC</attrdefs><atprecis Sync="TRUE">38</atprecis><attscale Sync="TRUE">8</attscale></attr><attr><attrlabl Sync="TRUE">NO_PARKING</attrlabl><attalias Sync="TRUE">NO_PARKING</attalias><attrtype Sync="TRUE">Double</attrtype><attwidth Sync="TRUE">8</attwidth><attrdef>no parking available</attrdef><attrdefs>FPDCC</attrdefs><atprecis Sync="TRUE">38</atprecis><attscale Sync="TRUE">8</attscale></attr><attr><attrlabl Sync="TRUE">Desc2</attrlabl><attalias Sync="TRUE">Desc2</attalias><attrtype Sync="TRUE">String</attrtype><attwidth Sync="TRUE">254</attwidth><attrdef>description 2</attrdef><attrdefs>FPDCC</attrdefs><atprecis Sync="TRUE">0</atprecis><attscale Sync="TRUE">0</attscale></attr><attr><attrlabl Sync="TRUE">Id</attrlabl><attalias Sync="TRUE">Id</attalias><attrtype Sync="TRUE">Integer</attrtype><attwidth Sync="TRUE">4</attwidth><atprecis Sync="TRUE">10</atprecis><attscale Sync="TRUE">0</attscale></attr><attr><attrlabl Sync="TRUE">Feature</attrlabl><attalias Sync="TRUE">Feature</attalias><attrtype Sync="TRUE">String</attrtype><attwidth Sync="TRUE">25</attwidth><atprecis Sync="TRUE">0</atprecis><attscale Sync="TRUE">0</attscale></attr><attr><attrlabl Sync="TRUE">Lat</attrlabl><attalias Sync="TRUE">Lat</attalias><attrtype Sync="TRUE">Double</attrtype><attwidth Sync="TRUE">8</attwidth><atprecis Sync="TRUE">38</atprecis><attscale Sync="TRUE">8</attscale></attr><attr><attrlabl Sync="TRUE">FPDzone</attrlabl><attalias Sync="TRUE">FPDzone</attalias><attrtype Sync="TRUE">String</attrtype><attwidth Sync="TRUE">10</attwidth><atprecis Sync="TRUE">0</atprecis><attscale Sync="TRUE">0</attscale></attr><attr><attrlabl Sync="TRUE">zip</attrlabl><attalias Sync="TRUE">zip</attalias><attrtype Sync="TRUE">String</attrtype><attwidth Sync="TRUE">5</attwidth><atprecis Sync="TRUE">0</atprecis><attscale Sync="TRUE">0</attscale></attr><attr><attrlabl Sync="TRUE">zipMuni</attrlabl><attalias Sync="TRUE">zipMuni</attalias><attrtype Sync="TRUE">String</attrtype><attwidth Sync="TRUE">50</attwidth><atprecis Sync="TRUE">0</atprecis><attscale Sync="TRUE">0</attscale></attr><attr><attrlabl Sync="TRUE">municipality</attrlabl><attalias Sync="TRUE">municipality</attalias><attrtype Sync="TRUE">String</attrtype><attwidth Sync="TRUE">50</attwidth><atprecis Sync="TRUE">0</atprecis><attscale Sync="TRUE">0</attscale></attr><attr><attrlabl Sync="TRUE">commdist</attrlabl><attalias Sync="TRUE">commdist</attalias><attrtype Sync="TRUE">SmallInteger</attrtype><attwidth Sync="TRUE">2</attwidth><atprecis Sync="TRUE">5</atprecis><attscale Sync="TRUE">0</attscale></attr><attr><attrlabl Sync="TRUE">Long_</attrlabl><attalias Sync="TRUE">Long_</attalias><attrtype Sync="TRUE">Double</attrtype><attwidth Sync="TRUE">8</attwidth><atprecis Sync="TRUE">38</atprecis><attscale Sync="TRUE">8</attscale></attr></detailed><overview><eadetcit>LARVE_CAP_ = Large Capacity Grove	
GAS_POWERE = GAS POWERED BOAT LAUNCH	
BOAT RENTA = Boat Rental	
PICNIC_GRO = Picnic Grove	
SHELTER = Shelter	
HIKING = Hiking	
CYCLING	= Bicycling
IN_LINE_SK = Inline skating
CROSS_COUN = Cross Country Skiing	
ECOLOGICAL = Ecological Management Site
EQUESTRIAN= Equestrian parking or riding site
BIRDING= Bird watching site
FISHING= Fishing site
CANOE = Canoeing
SNOWMOBILI = Snowmobiling
M_BOAT = Model Boat site	
M_AIRPLANE = Model Airplane Flying Field	
CAMPING = Camp site	
DOG_FRIEND = Dog Allowed at this site	
SLEDDING = Sledding hill	
TOBOGGAN_A = Toboggan run **Tobagganing is nolonger provided by the FPDCC.**	
BOAT_RAMP = Boat Ramp	 
NATURE_CEN = Nature Center	
SWIMMING_P = Swimming Pool	
GOLF = Golf Course/Driving Range	
NO_ALCOHOL= No Alcohol allowed	
NO_PARKING = No Parking available</eadetcit><dsoverv>Point of Intereste layer with corresponding amenities</dsoverv><eaover>amenities have been given a binary attribute. 1=This amenity is present, 0=this amenity is not present.</eaover></overview></eainfo><mdDateSt Sync="TRUE">20130225</mdDateSt><dataqual><lineage><procstep><procdesc Sync="TRUE">Dataset copied.</procdesc><srcused Sync="TRUE"></srcused><procdate Sync="TRUE">20110922</procdate><proctime Sync="TRUE">14181800</proctime></procstep></lineage></dataqual></metadata>
